category,name,kind,unit,courses,notes
Glassware,"Beaker, low form borosilicate — 50 mL",Reusable,each,General science; AP Biology; AP Chemistry,
Glassware,"Beaker, low form borosilicate — 100 mL",Reusable,each,General science; AP Biology; AP Chemistry,
Glassware,"Beaker, low form borosilicate — 150 mL",Reusable,each,General science; AP Biology; AP Chemistry,
Glassware,"Beaker, low form borosilicate — 250 mL",Reusable,each,General science; AP Biology; AP Chemistry,
Glassware,"Beaker, low form borosilicate — 400 mL",Reusable,each,General science; AP Biology; AP Chemistry,
Glassware,"Beaker, low form borosilicate — 600 mL",Reusable,each,General science; AP Biology; AP Chemistry,
Glassware,"Beaker, low form borosilicate — 1,000 mL",Reusable,each,General science; AP Biology; AP Chemistry,
Glassware,"Beaker, low form borosilicate — 2,000 mL",Reusable,each,General science; AP Biology; AP Chemistry,
Glassware,"Erlenmeyer flask, borosilicate — 50 mL",Reusable,each,General science; AP Biology; AP Chemistry,
Glassware,"Erlenmeyer flask, borosilicate — 125 mL",Reusable,each,General science; AP Biology; AP Chemistry,
Glassware,"Erlenmeyer flask, borosilicate — 250 mL",Reusable,each,General science; AP Biology; AP Chemistry,
Glassware,"Erlenmeyer flask, borosilicate — 500 mL",Reusable,each,General science; AP Biology; AP Chemistry,
Glassware,"Erlenmeyer flask, borosilicate — 1,000 mL",Reusable,each,General science; AP Biology; AP Chemistry,
Glassware,"Erlenmeyer flask, borosilicate — 2,000 mL",Reusable,each,General science; AP Biology; AP Chemistry,
Glassware,"Graduated cylinder, glass — 10 mL",Reusable,each,General science; AP Biology; AP Chemistry,
Glassware,"Graduated cylinder, glass — 25 mL",Reusable,each,General science; AP Biology; AP Chemistry,
Glassware,"Graduated cylinder, glass — 50 mL",Reusable,each,General science; AP Biology; AP Chemistry,
Glassware,"Graduated cylinder, glass — 100 mL",Reusable,each,General science; AP Biology; AP Chemistry,
Glassware,"Graduated cylinder, glass — 250 mL",Reusable,each,General science; AP Biology; AP Chemistry,
Glassware,"Graduated cylinder, glass — 500 mL",Reusable,each,General science; AP Biology; AP Chemistry,
Glassware,"Graduated cylinder, glass — 1,000 mL",Reusable,each,General science; AP Biology; AP Chemistry,
Glassware,"Graduated cylinder, plastic — 10 mL",Reusable,each,General science; AP Biology; AP Chemistry,
Glassware,"Graduated cylinder, plastic — 25 mL",Reusable,each,General science; AP Biology; AP Chemistry,
Glassware,"Graduated cylinder, plastic — 50 mL",Reusable,each,General science; AP Biology; AP Chemistry,
Glassware,"Graduated cylinder, plastic — 100 mL",Reusable,each,General science; AP Biology; AP Chemistry,
Glassware,"Graduated cylinder, plastic — 250 mL",Reusable,each,General science; AP Biology; AP Chemistry,
Glassware,"Graduated cylinder, plastic — 500 mL",Reusable,each,General science; AP Biology; AP Chemistry,
Glassware,"Graduated cylinder, plastic — 1,000 mL",Reusable,each,General science; AP Biology; AP Chemistry,
Glassware,"Volumetric flask, Class A — 10 mL",Reusable,each,AP Chemistry,Record grade if not Class A; use stoppers sized to neck.
Glassware,"Volumetric flask, Class A — 25 mL",Reusable,each,AP Chemistry,Record grade if not Class A; use stoppers sized to neck.
Glassware,"Volumetric flask, Class A — 50 mL",Reusable,each,AP Chemistry,Record grade if not Class A; use stoppers sized to neck.
Glassware,"Volumetric flask, Class A — 100 mL",Reusable,each,AP Chemistry,Record grade if not Class A; use stoppers sized to neck.
Glassware,"Volumetric flask, Class A — 250 mL",Reusable,each,AP Chemistry,Record grade if not Class A; use stoppers sized to neck.
Glassware,"Volumetric flask, Class A — 500 mL",Reusable,each,AP Chemistry,Record grade if not Class A; use stoppers sized to neck.
Glassware,"Volumetric flask, Class A — 1,000 mL",Reusable,each,AP Chemistry,Record grade if not Class A; use stoppers sized to neck.
Glassware,"Buret, graduated — 25 mL",Reusable,each,General chemistry; AP Chemistry,Record glass vs plastic and stopcock material if relevant.
Glassware,"Buret, graduated — 50 mL",Reusable,each,General chemistry; AP Chemistry,Record glass vs plastic and stopcock material if relevant.
Glassware,"Volumetric pipet, transfer — 1 mL",Reusable,each,AP Chemistry,
Glassware,"Volumetric pipet, transfer — 2 mL",Reusable,each,AP Chemistry,
Glassware,"Volumetric pipet, transfer — 5 mL",Reusable,each,AP Chemistry,
Glassware,"Volumetric pipet, transfer — 10 mL",Reusable,each,AP Chemistry,
Glassware,"Volumetric pipet, transfer — 25 mL",Reusable,each,AP Chemistry,
Glassware,"Volumetric pipet, transfer — 50 mL",Reusable,each,AP Chemistry,
Glassware,Graduated pipet — 1 mL,Reusable,each,AP Chemistry,
Glassware,Graduated pipet — 5 mL,Reusable,each,AP Chemistry,
Glassware,Graduated pipet — 10 mL,Reusable,each,AP Chemistry,
Glassware,Graduated pipet — 25 mL,Reusable,each,AP Chemistry,
Glassware,"Test tube, glass — 10 × 75 mm",Reusable,each,General science; AP Biology; AP Chemistry,
Glassware,"Test tube, glass — 13 × 100 mm",Reusable,each,General science; AP Biology; AP Chemistry,
Glassware,"Test tube, glass — 16 × 150 mm",Reusable,each,General science; AP Biology; AP Chemistry,
Glassware,"Test tube, glass — 18 × 150 mm",Reusable,each,General science; AP Biology; AP Chemistry,
Glassware,"Test tube, glass — 25 × 150 mm",Reusable,each,General science; AP Biology; AP Chemistry,
Glassware,"Culture tube, screw cap — 13 × 100 mm",Reusable,each,General biology; AP Biology,
Glassware,"Culture tube, screw cap — 16 × 125 mm",Reusable,each,General biology; AP Biology,
Glassware,"Culture tube, screw cap — 20 × 150 mm",Reusable,each,General biology; AP Biology,
Glassware,"Reagent bottle, glass — 125 mL",Reusable,each,General science; AP Biology; AP Chemistry,Inventory only; do not use as chemical substance records.
Glassware,"Reagent bottle, glass — 250 mL",Reusable,each,General science; AP Biology; AP Chemistry,Inventory only; do not use as chemical substance records.
Glassware,"Reagent bottle, glass — 500 mL",Reusable,each,General science; AP Biology; AP Chemistry,Inventory only; do not use as chemical substance records.
Glassware,"Reagent bottle, glass — 1,000 mL",Reusable,each,General science; AP Biology; AP Chemistry,Inventory only; do not use as chemical substance records.
Glassware,Watch glass — 75 mm,Reusable,each,General science; AP Biology; AP Chemistry,
Glassware,Watch glass — 90 mm,Reusable,each,General science; AP Biology; AP Chemistry,
Glassware,Watch glass — 100 mm,Reusable,each,General science; AP Biology; AP Chemistry,
Glassware,Watch glass — 125 mm,Reusable,each,General science; AP Biology; AP Chemistry,
Glassware,Glass stirring rod — 150 mm,Reusable,each,General science; AP Biology; AP Chemistry,
Glassware,Glass stirring rod — 200 mm,Reusable,each,General science; AP Biology; AP Chemistry,
Glassware,Glass stirring rod — 300 mm,Reusable,each,General science; AP Biology; AP Chemistry,
Glassware,"Glass funnel, short stem — 50 mm",Reusable,each,General science; AP Biology; AP Chemistry,
Glassware,"Glass funnel, short stem — 75 mm",Reusable,each,General science; AP Biology; AP Chemistry,
Glassware,"Glass funnel, short stem — 100 mm",Reusable,each,General science; AP Biology; AP Chemistry,
Glassware,Separatory funnel — 125 mL,Reusable,each,AP Chemistry,
Glassware,Separatory funnel — 250 mL,Reusable,each,AP Chemistry,
Glassware,Separatory funnel — 500 mL,Reusable,each,AP Chemistry,
Glassware,Round-bottom flask — 100 mL,Reusable,each,AP Chemistry,
Glassware,Round-bottom flask — 250 mL,Reusable,each,AP Chemistry,
Glassware,Round-bottom flask — 500 mL,Reusable,each,AP Chemistry,
Glassware,"Petri dish, glass — 90 mm",Reusable,each,General biology; AP Biology,
Glassware,"Petri dish, glass — 100 mm",Reusable,each,General biology; AP Biology,
Glassware,"Spot plate, porcelain, 12-well",Reusable,each,General science; AP Biology; AP Chemistry,
Glassware,"Spot plate, porcelain, 24-well",Reusable,each,General science; AP Biology; AP Chemistry,
Glassware,"Evaporating dish, porcelain, 75 mL",Reusable,each,General science; AP Biology; AP Chemistry,
Glassware,"Evaporating dish, porcelain, 125 mL",Reusable,each,General science; AP Biology; AP Chemistry,
Glassware,"Crucible with lid, porcelain, 15 mL",Reusable,each,General science; AP Biology; AP Chemistry,
Glassware,"Crucible with lid, porcelain, 30 mL",Reusable,each,General science; AP Biology; AP Chemistry,
Glassware,"Mortar and pestle, porcelain, small",Reusable,each,General science; AP Biology; AP Chemistry,
Glassware,"Mortar and pestle, porcelain, medium",Reusable,each,General science; AP Biology; AP Chemistry,
Glassware,"Cuvette, glass, 10 mm path",Reusable,each,General science; AP Biology; AP Chemistry,
Glassware,"Cuvette, plastic, 10 mm path",Reusable,each,General science; AP Biology; AP Chemistry,
Equipment,"Electronic balance, 0.01 g readability",Reusable,each,General science; AP Biology; AP Chemistry,
Equipment,"Electronic balance, 0.001 g readability",Reusable,each,General science; AP Biology; AP Chemistry,
Equipment,"Analytical balance, 0.0001 g readability",Reusable,each,General science; AP Biology; AP Chemistry,
Equipment,Hot plate,Reusable,each,General science; AP Biology; AP Chemistry,
Equipment,Hot plate with magnetic stirrer,Reusable,each,General science; AP Biology; AP Chemistry,
Equipment,"Magnetic stir bar, small",Reusable,each,General science; AP Biology; AP Chemistry,
Equipment,"Magnetic stir bar, medium",Reusable,each,General science; AP Biology; AP Chemistry,
Equipment,Bunsen burner,Reusable,each,General science; AP Biology; AP Chemistry,
Equipment,Gas hose for burner,Reusable,each,General science; AP Biology; AP Chemistry,
Equipment,Burner striker,Reusable,each,General science; AP Biology; AP Chemistry,
Equipment,"Ring stand, base and rod",Reusable,each,General science; AP Biology; AP Chemistry,
Equipment,"Iron ring, small",Reusable,each,General science; AP Biology; AP Chemistry,
Equipment,"Iron ring, medium",Reusable,each,General science; AP Biology; AP Chemistry,
Equipment,"Buret clamp, single",Reusable,each,General science; AP Biology; AP Chemistry,
Equipment,"Buret clamp, double",Reusable,each,General science; AP Biology; AP Chemistry,
Equipment,"Utility clamp, three-prong",Reusable,each,General science; AP Biology; AP Chemistry,
Equipment,Clamp bosshead,Reusable,each,General science; AP Biology; AP Chemistry,
Equipment,"Wire gauze, ceramic center",Reusable,each,General science; AP Biology; AP Chemistry,
Equipment,Clay triangle,Reusable,each,General science; AP Biology; AP Chemistry,
Equipment,"Test tube rack, 12-place",Reusable,each,General science; AP Biology; AP Chemistry,
Equipment,"Test tube rack, 24-place",Reusable,each,General science; AP Biology; AP Chemistry,
Equipment,Test tube holder,Reusable,each,General science; AP Biology; AP Chemistry,
Equipment,"Test tube brush, small",Reusable,each,General science; AP Biology; AP Chemistry,
Equipment,"Test tube brush, large",Reusable,each,General science; AP Biology; AP Chemistry,
Equipment,Beaker tongs,Reusable,each,General science; AP Biology; AP Chemistry,
Equipment,Crucible tongs,Reusable,each,General science; AP Biology; AP Chemistry,
Equipment,"Forceps, straight",Reusable,each,General science; AP Biology; AP Chemistry,
Equipment,"Forceps, fine tip",Reusable,each,General science; AP Biology; AP Chemistry,
Equipment,Scoopula,Reusable,each,General science; AP Biology; AP Chemistry,
Equipment,Microspatula,Reusable,each,General science; AP Biology; AP Chemistry,
Equipment,Scissors,Reusable,each,General science; AP Biology; AP Chemistry,
Equipment,"Lab thermometer, digital probe",Reusable,each,General science; AP Biology; AP Chemistry,
Equipment,"Lab thermometer, alcohol-filled",Reusable,each,General science; AP Biology; AP Chemistry,
Equipment,Digital timer,Reusable,each,General science; AP Biology; AP Chemistry,
Equipment,pH meter,Reusable,each,General science; AP Biology; AP Chemistry,
Equipment,pH probe,Reusable,each,General science; AP Biology; AP Chemistry,
Equipment,Conductivity probe,Reusable,each,General science; AP Biology; AP Chemistry,
Equipment,Temperature probe,Reusable,each,General science; AP Biology; AP Chemistry,
Equipment,Pressure sensor,Reusable,each,General science; AP Biology; AP Chemistry,
Equipment,Colorimeter,Reusable,each,General science; AP Biology; AP Chemistry,
Equipment,Visible-light spectrophotometer,Reusable,each,General science; AP Biology; AP Chemistry,
Equipment,Spectrophotometer cuvette rack,Reusable,each,General science; AP Biology; AP Chemistry,
Equipment,Water bath,Reusable,each,General science; AP Biology; AP Chemistry,
Equipment,Drying oven,Reusable,each,General science; AP Biology; AP Chemistry,
Equipment,Incubator,Reusable,each,General science; AP Biology; AP Chemistry,
Equipment,"Refrigerator, lab use",Reusable,each,General science; AP Biology; AP Chemistry,
Equipment,"Freezer, lab use",Reusable,each,General science; AP Biology; AP Chemistry,
Equipment,Vortex mixer,Reusable,each,General science; AP Biology; AP Chemistry,
Equipment,"Centrifuge, benchtop",Reusable,each,General science; AP Biology; AP Chemistry,
Equipment,Microcentrifuge,Reusable,each,General science; AP Biology; AP Chemistry,
Equipment,Mini stirrer,Reusable,each,General science; AP Biology; AP Chemistry,
Equipment,Desiccator,Reusable,each,General science; AP Biology; AP Chemistry,
Equipment,Vacuum pump,Reusable,each,General science; AP Biology; AP Chemistry,
Equipment,Aspirator,Reusable,each,General science; AP Biology; AP Chemistry,
Equipment,Distillation condenser,Reusable,each,General science; AP Biology; AP Chemistry,
Equipment,Distillation adapter,Reusable,each,General science; AP Biology; AP Chemistry,
Equipment,Rubber stopper assortment,Reusable,each,General science; AP Biology; AP Chemistry,
Equipment,Cork stopper assortment,Reusable,each,General science; AP Biology; AP Chemistry,
Equipment,Pipette bulb / pump,Reusable,each,General science; AP Biology; AP Chemistry,
Equipment,Micropipette P20 (2–20 µL),Reusable,each,General science; AP Biology; AP Chemistry,
Equipment,Micropipette P200 (20–200 µL),Reusable,each,General science; AP Biology; AP Chemistry,
Equipment,"Micropipette P1000 (100–1,000 µL)",Reusable,each,General science; AP Biology; AP Chemistry,
Equipment,Adjustable micropipette stand,Reusable,each,General science; AP Biology; AP Chemistry,
Equipment,Meter stick,Reusable,each,General science; AP Biology; AP Chemistry,
Equipment,"Ruler, metric",Reusable,each,General science; AP Biology; AP Chemistry,
Equipment,"Caliper, digital",Reusable,each,General science; AP Biology; AP Chemistry,
Equipment,Molecular model kit,Reusable,each,General science; AP Biology; AP Chemistry,
Biology equipment,Compound light microscope,Reusable,each,General biology; AP Biology,
Biology equipment,Dissecting / stereo microscope,Reusable,each,General biology; AP Biology,
Biology equipment,"Microscope slide, plain glass",Reusable,each,General biology; AP Biology,
Biology equipment,"Microscope slide, concavity glass",Reusable,each,General biology; AP Biology,
Biology equipment,"Coverslip, glass, 18 × 18 mm",Reusable,each,General biology; AP Biology,
Biology equipment,"Coverslip, glass, 22 × 22 mm",Reusable,each,General biology; AP Biology,
Biology equipment,Prepared slide collection,Reusable,each,General biology; AP Biology,
Biology equipment,Microscope camera,Reusable,each,General biology; AP Biology,
Biology equipment,"Hand lens, 5×",Reusable,each,General biology; AP Biology,
Biology equipment,"Hand lens, 10×",Reusable,each,General biology; AP Biology,
Biology equipment,Dissection tray,Reusable,each,General biology; AP Biology,
Biology equipment,Dissection tool set,Reusable,each,General biology; AP Biology,
Biology equipment,Scalpel handle,Reusable,each,General biology; AP Biology,
Biology equipment,Dissecting scissors,Reusable,each,General biology; AP Biology,
Biology equipment,Dissecting forceps,Reusable,each,General biology; AP Biology,
Biology equipment,Dissecting pins,Reusable,each,General biology; AP Biology,
Biology equipment,Gel electrophoresis chamber,Reusable,each,General biology; AP Biology,
Biology equipment,Gel casting tray and comb,Reusable,each,General biology; AP Biology,
Biology equipment,Electrophoresis power supply,Reusable,each,General biology; AP Biology,
Biology equipment,Blue-light transilluminator,Reusable,each,General biology; AP Biology,
Biology equipment,Microtube rack,Reusable,each,General biology; AP Biology,
Biology equipment,PCR tube rack,Reusable,each,General biology; AP Biology,
Biology equipment,Thermal cycler,Reusable,each,General biology; AP Biology,
Biology equipment,DNA model kit,Reusable,each,General biology; AP Biology,
Biology equipment,Cell model,Reusable,each,General biology; AP Biology,
Biology equipment,Anatomical model,Reusable,each,General biology; AP Biology,
Biology equipment,Respirometer chamber,Reusable,each,General biology; AP Biology,
Biology equipment,Dissolved oxygen probe,Reusable,each,General biology; AP Biology,
Biology equipment,Photosynthesis chamber / leaf disk syringe,Reusable,each,General biology; AP Biology,
Biology equipment,"Spectrophotometer, biology use",Reusable,each,General biology; AP Biology,
Biology equipment,Hemocytometer,Reusable,each,General biology; AP Biology,
Biology equipment,Osmometer / diffusion chamber,Reusable,each,General biology; AP Biology,
Biology equipment,Potometer,Reusable,each,General biology; AP Biology,
Biology equipment,Environmental chamber,Reusable,each,General biology; AP Biology,
Biology equipment,Grow light,Reusable,each,General biology; AP Biology,
Biology equipment,Seed germination tray,Reusable,each,General biology; AP Biology,
Biology equipment,Field quadrat,Reusable,each,General biology; AP Biology,
Biology equipment,Transect tape,Reusable,each,General biology; AP Biology,
Plasticware & containers,"Wash bottle, LDPE — 250 mL",Reusable,each,General science; AP Biology; AP Chemistry,
Plasticware & containers,"Wash bottle, LDPE — 500 mL",Reusable,each,General science; AP Biology; AP Chemistry,
Plasticware & containers,"Wash bottle, LDPE — 1,000 mL",Reusable,each,General science; AP Biology; AP Chemistry,
Plasticware & containers,"Reagent bottle, plastic — 125 mL",Reusable,each,General science; AP Biology; AP Chemistry,
Plasticware & containers,"Reagent bottle, plastic — 250 mL",Reusable,each,General science; AP Biology; AP Chemistry,
Plasticware & containers,"Reagent bottle, plastic — 500 mL",Reusable,each,General science; AP Biology; AP Chemistry,
Plasticware & containers,"Reagent bottle, plastic — 1,000 mL",Reusable,each,General science; AP Biology; AP Chemistry,
Plasticware & containers,"Graduated transfer pipet, plastic — 1 mL",Consumable,packs,General science; AP Biology; AP Chemistry,
Plasticware & containers,"Graduated transfer pipet, plastic — 3 mL",Consumable,packs,General science; AP Biology; AP Chemistry,
Plasticware & containers,"Graduated transfer pipet, plastic — 5 mL",Consumable,packs,General science; AP Biology; AP Chemistry,
Plasticware & containers,"Syringe, needleless — 1 mL",Reusable,each,General science; AP Biology; AP Chemistry,
Plasticware & containers,"Syringe, needleless — 3 mL",Reusable,each,General science; AP Biology; AP Chemistry,
Plasticware & containers,"Syringe, needleless — 10 mL",Reusable,each,General science; AP Biology; AP Chemistry,
Plasticware & containers,"Syringe, needleless — 20 mL",Reusable,each,General science; AP Biology; AP Chemistry,
Plasticware & containers,"Syringe, needleless — 60 mL",Reusable,each,General science; AP Biology; AP Chemistry,
Plasticware & containers,Plastic sample cup — 30 mL,Consumable,packs,General science; AP Biology; AP Chemistry,
Plasticware & containers,Plastic sample cup — 60 mL,Consumable,packs,General science; AP Biology; AP Chemistry,
Plasticware & containers,Plastic sample cup — 120 mL,Consumable,packs,General science; AP Biology; AP Chemistry,
Plasticware & containers,Plastic sample cup — 250 mL,Consumable,packs,General science; AP Biology; AP Chemistry,
Plasticware & containers,Microcentrifuge tube — 0.5 mL,Consumable,boxes,General science; AP Biology; AP Chemistry,
Plasticware & containers,Microcentrifuge tube — 1.5 mL,Consumable,boxes,General science; AP Biology; AP Chemistry,
Plasticware & containers,Microcentrifuge tube — 2.0 mL,Consumable,boxes,General science; AP Biology; AP Chemistry,
Plasticware & containers,Centrifuge tube — 15 mL,Consumable,packs,General science; AP Biology; AP Chemistry,
Plasticware & containers,Centrifuge tube — 50 mL,Consumable,packs,General science; AP Biology; AP Chemistry,
Plasticware & containers,"Petri dish, plastic, 90 mm",Consumable,packs,General science; AP Biology; AP Chemistry,
Plasticware & containers,"Weigh boat, small",Consumable,packs,General science; AP Biology; AP Chemistry,
Plasticware & containers,"Weigh boat, medium",Consumable,packs,General science; AP Biology; AP Chemistry,
Plasticware & containers,"Weigh boat, large",Consumable,packs,General science; AP Biology; AP Chemistry,
Plasticware & containers,Parafilm roll,Consumable,packs,General science; AP Biology; AP Chemistry,
Plasticware & containers,"Pipette tips, P20 compatible",Consumable,packs,General science; AP Biology; AP Chemistry,
Plasticware & containers,"Pipette tips, P200 compatible",Consumable,packs,General science; AP Biology; AP Chemistry,
Plasticware & containers,"Pipette tips, P1000 compatible",Consumable,packs,General science; AP Biology; AP Chemistry,
Plasticware & containers,"Filter paper, qualitative",Consumable,packs,General science; AP Biology; AP Chemistry,
Plasticware & containers,Chromatography paper,Consumable,packs,General science; AP Biology; AP Chemistry,
Plasticware & containers,pH paper / strips,Consumable,packs,General science; AP Biology; AP Chemistry,
Plasticware & containers,Dialysis tubing,Consumable,packs,General science; AP Biology; AP Chemistry,
Plasticware & containers,Cotton swabs,Consumable,packs,General science; AP Biology; AP Chemistry,
Plasticware & containers,Wooden splints,Consumable,packs,General science; AP Biology; AP Chemistry,
Plasticware & containers,Disposable inoculating loops,Consumable,packs,General science; AP Biology; AP Chemistry,
Safety & facilities,Chemical splash goggles,Reusable,each,General science; AP Biology; AP Chemistry,
Safety & facilities,Safety glasses,Reusable,each,General science; AP Biology; AP Chemistry,
Safety & facilities,Lab apron,Reusable,each,General science; AP Biology; AP Chemistry,
Safety & facilities,Lab coat,Reusable,each,General science; AP Biology; AP Chemistry,
Safety & facilities,Heat-resistant gloves,Reusable,each,General science; AP Biology; AP Chemistry,
Safety & facilities,"Nitrile gloves, small",Consumable,boxes,General science; AP Biology; AP Chemistry,
Safety & facilities,"Nitrile gloves, medium",Consumable,boxes,General science; AP Biology; AP Chemistry,
Safety & facilities,"Nitrile gloves, large",Consumable,boxes,General science; AP Biology; AP Chemistry,
Safety & facilities,Chemical-resistant gloves,Reusable,each,General science; AP Biology; AP Chemistry,
Safety & facilities,Face shield,Reusable,each,General science; AP Biology; AP Chemistry,
Safety & facilities,Eyewash station,Reusable,each,General science; AP Biology; AP Chemistry,Track inspection / service separately for fixed safety equipment.
Safety & facilities,Safety shower,Reusable,each,General science; AP Biology; AP Chemistry,Track inspection / service separately for fixed safety equipment.
Safety & facilities,Fire extinguisher,Reusable,each,General science; AP Biology; AP Chemistry,Track inspection / service separately for fixed safety equipment.
Safety & facilities,Fire blanket,Reusable,each,General science; AP Biology; AP Chemistry,
Safety & facilities,"Spill kit, general",Reusable,each,General science; AP Biology; AP Chemistry,
Safety & facilities,"Spill kit, acid/base",Reusable,each,General science; AP Biology; AP Chemistry,
Safety & facilities,Broken-glass disposal container,Reusable,each,General science; AP Biology; AP Chemistry,
Safety & facilities,Sharps disposal container,Reusable,each,General science; AP Biology; AP Chemistry,
Safety & facilities,Chemical waste bottle / carboy,Reusable,each,General science; AP Biology; AP Chemistry,
Safety & facilities,First aid kit,Reusable,each,General science; AP Biology; AP Chemistry,
Safety & facilities,Fume hood,Reusable,each,General science; AP Biology; AP Chemistry,Track inspection / service separately for fixed safety equipment.
Safety & facilities,Flammable storage cabinet,Reusable,each,General science; AP Biology; AP Chemistry,
Safety & facilities,Corrosives storage cabinet,Reusable,each,General science; AP Biology; AP Chemistry,
Safety & facilities,SDS binder / accessible station,Reusable,each,General science; AP Biology; AP Chemistry,
Prior orders,What’s in the Trunk? An Elephant Ivory Expedition (M3016TAE),Review,each,,From orders or older inventory; confirm current stock and choose type.
Prior orders,BRCA Chronicles: Breast Cancer,Review,each,,From orders or older inventory; confirm current stock and choose type.
Prior orders,Amino Acid Starter,Review,each,,From orders or older inventory; confirm current stock and choose type.
Prior orders,Large DNA Playground,Review,each,,From orders or older inventory; confirm current stock and choose type.
Prior orders,Amino Labs Engineer-It Kit™,Review,each,,From orders or older inventory; confirm current stock and choose type.
Prior orders,Prepared Agar Cubes,Review,each,,From orders or older inventory; confirm current stock and choose type.
Prior orders,"Algae Beads, Chlorella",Review,each,,From orders or older inventory; confirm current stock and choose type.
Prior orders,Bromothymol blue,Review,each,,From orders or older inventory; confirm current stock and choose type.
Prior orders,Wisconsin Fast Plants®: Seed Disks,Review,each,,From orders or older inventory; confirm current stock and choose type.
Prior orders,Let it Glow™ Bacterial Transformation,Review,each,,From orders or older inventory; confirm current stock and choose type.
Prior orders,"SpiniOne Centrifuge, set of 5",Review,each,,From orders or older inventory; confirm current stock and choose type.
Prior orders,"Blue-It Kit™, Large",Review,each,,From orders or older inventory; confirm current stock and choose type.
Prior orders,Modeling Clay - White,Review,each,,From orders or older inventory; confirm current stock and choose type.
Prior orders,Mod Podge Matte,Review,each,,From orders or older inventory; confirm current stock and choose type.
Prior orders,Stage Blood,Review,each,,From orders or older inventory; confirm current stock and choose type.
Prior orders,Gelatin Powder,Review,each,,From orders or older inventory; confirm current stock and choose type.
Prior orders,Carolina® Complete Advanced Biology Lab Package,Review,each,,From orders or older inventory; confirm current stock and choose type.
Prior orders,Chromosome Simulation Kit,Review,each,,From orders or older inventory; confirm current stock and choose type.
Prior orders,Carolina BioKits®: Drosophila,Review,each,,From orders or older inventory; confirm current stock and choose type.
Prior orders,"Neliblu 2"" Earth Stress Balls, 2 Dozens - Globe Squeeze Ball for Stress Relief, Muscle Relaxation, Therapy - 24 World Stress Balls, Earth Day Gifts and Accessor",Review,each,,From orders or older inventory; confirm current stock and choose type.
Prior orders,"BIC Cristal Xtra Smooth Ballpoint Pen, Medium Point (1.0mm), Blue, 24-Count by BIC (Office Product) |",Review,each,,From orders or older inventory; confirm current stock and choose type.
Prior orders,"Borax 20 Mule Team Laundry Booster, Powder, 4 Pounds by 20 Mule Team Borax (Health and Beauty) |",Review,each,,From orders or older inventory; confirm current stock and choose type.
Prior orders,"Avery 12 Tab Dividers for 3 Ring Binders, Customizable Table of Contents, Multicolor Tabs, 1 Set, 24 Packs (11843) by AVERY (Office Product) |",Review,each,,From orders or older inventory; confirm current stock and choose type.
Prior orders,"IRIS USA 13 Qt Stackable Plastic Storage Bins with Lids, 6 Pack - BPA-Free, Made in USA - See-Through Organizing Solution, Latches, Durable Nestable Containers,",Review,each,,From orders or older inventory; confirm current stock and choose type.
Prior orders,ALEMHOP Chalk Markers Fine Tip - Chalkboad Markers - Liquid Chalk Markers Erasable - Chalk Markers for Blackboard Chalk Board First Day of School Board - Window,Review,each,,From orders or older inventory; confirm current stock and choose type.
Prior orders,"Elmers Clear Liquid School Glue, Slime Glue, & Craft Glue Premium 1 Glue Gallon for School Supplies & Slime Supplies Washable Glue by Elmer's (Misc.) |",Review,each,,From orders or older inventory; confirm current stock and choose type.
Prior orders,600 PCS 16 Sheets Letter Stickers 2 Inch Large Alphabet Sticker Vinyl Self Adhesive Waterproof Number Sticker Suitable for Indoor Outdoor Mailbox Poster Crafts ,Review,each,,From orders or older inventory; confirm current stock and choose type.
Prior orders,BINDER™ Series BD Classic.Line - Standard-Incubator with Gravity Convection (BINDER™ 90100192),Review,each,,From orders or older inventory; confirm current stock and choose type.
Prior orders,Carolina® Plant Environmental Chamber,Review,each,,From orders or older inventory; confirm current stock and choose type.
Prior orders,Worm Bedding 25 lbs,Review,each,,From orders or older inventory; confirm current stock and choose type.
Prior orders,Dremel - 3D45-EDU DigiLab 3D45,Review,each,,From orders or older inventory; confirm current stock and choose type.
Prior orders,3D Printer Filiment,Review,each,,From orders or older inventory; confirm current stock and choose type.
Prior orders,"SUNLU PLA Filament 16 Color Bundle Multicolor, PLA 3D Printer Filament 1.75mm",Review,each,,From orders or older inventory; confirm current stock and choose type.
Prior orders,xTool S1,Review,each,,From orders or older inventory; confirm current stock and choose type.
Prior orders,xTool Ultimate Laser Material Kit,Review,each,,From orders or older inventory; confirm current stock and choose type.
Prior orders,Metal Engraving Blanks,Review,each,,From orders or older inventory; confirm current stock and choose type.
Prior orders,From a separate order:,Review,each,,From orders or older inventory; confirm current stock and choose type.
Prior orders,Laboratry Blender,Review,each,,From orders or older inventory; confirm current stock and choose type.
Prior orders,BoneClones® Primate Skulls with Lesson Plan,Review,each,,From orders or older inventory; confirm current stock and choose type.
Prior orders,MODEL SYNAPSE,Review,each,,From orders or older inventory; confirm current stock and choose type.
Prior orders,MODEL HIP JOINT XSECTION,Review,each,,From orders or older inventory; confirm current stock and choose type.
Prior orders,MODEL ELBOW JOINT XSECTION,Review,each,,From orders or older inventory; confirm current stock and choose type.
Prior orders,MODEL SHOULDER JOINT XSECTION,Review,each,,From orders or older inventory; confirm current stock and choose type.
Prior orders,MODEL COMPREHENSIVE LEG MUSCULATURE,Review,each,,From orders or older inventory; confirm current stock and choose type.
Prior orders,MODEL COMPREHENSIVE ARM MUSCULATURE,Review,each,,From orders or older inventory; confirm current stock and choose type.
Prior orders,MODEL COMPREHENSIVE,Review,each,,From orders or older inventory; confirm current stock and choose type.
Prior orders,MODEL NEUROANATOMY HEAD,Review,each,,From orders or older inventory; confirm current stock and choose type.
Prior orders,MODEL MUSCLE ACTION DEMO,Review,each,,From orders or older inventory; confirm current stock and choose type.
Prior orders,MODEL WARDS BLOOD COMPONENTS SET,Review,each,,From orders or older inventory; confirm current stock and choose type.
Prior orders,MODEL WARDS GLOMERULUS SECTIONS TUBULES,Review,each,,From orders or older inventory; confirm current stock and choose type.
Prior orders,MODEL WARDS INTESTINAL WALL,Review,each,,From orders or older inventory; confirm current stock and choose type.
Prior orders,MODEL MINI JOINT SET MUSCLED,Review,each,,From orders or older inventory; confirm current stock and choose type.
Prior orders,MODEL LUNG MICROSTRUCTURE,Review,each,,From orders or older inventory; confirm current stock and choose type.
Prior orders,MODEL VEIN/ARTERY STRUCTURE,Review,each,,From orders or older inventory; confirm current stock and choose type.
Prior orders,MODEL SARCOMERE,Review,each,,From orders or older inventory; confirm current stock and choose type.
Prior orders,MODEL HUMAN DIGESTIVE MICROANAT,Review,each,,From orders or older inventory; confirm current stock and choose type.
Prior orders,MODEL BONE STRUCTURE,Review,each,,From orders or older inventory; confirm current stock and choose type.
Prior orders,MODEL INTER FINGER STRUCTURE,Review,each,,From orders or older inventory; confirm current stock and choose type.
Prior orders,MODEL MUSCLED LEG,Review,each,,From orders or older inventory; confirm current stock and choose type.
Prior orders,MODEL SKIN SECTION,Review,each,,From orders or older inventory; confirm current stock and choose type.
Prior orders,MODEL MICROANATOMY EYE,Review,each,,From orders or older inventory; confirm current stock and choose type.
Prior orders,MODEL CROSS SECTION OF FOOT,Review,each,,From orders or older inventory; confirm current stock and choose type.
Prior orders,MODEL HUMERUS LEFT SIDE,Review,each,,From orders or older inventory; confirm current stock and choose type.
Prior orders,MODEL RADIUS LEFT SIDE,Review,each,,From orders or older inventory; confirm current stock and choose type.
Prior orders,MODEL ULNA LEFT SIDE,Review,each,,From orders or older inventory; confirm current stock and choose type.
Prior orders,MODEL SCAPULA LEFT SIDE,Review,each,,From orders or older inventory; confirm current stock and choose type.
Prior orders,MODEL CLAVICULA LEFT SIDE,Review,each,,From orders or older inventory; confirm current stock and choose type.
Prior orders,MODEL FEMUR LEFT SIDE,Review,each,,From orders or older inventory; confirm current stock and choose type.
Prior orders,MODEL TIBIA LEFT SIDE,Review,each,,From orders or older inventory; confirm current stock and choose type.
Prior orders,MODEL FIBULA LEFT SIDE,Review,each,,From orders or older inventory; confirm current stock and choose type.
Prior orders,MODEL PATELLA PAIR,Review,each,,From orders or older inventory; confirm current stock and choose type.
Prior orders,MODEL HUMERUS RIGHT SIDE,Review,each,,From orders or older inventory; confirm current stock and choose type.
Prior orders,MODEL RADIUS RIGHT SIDE,Review,each,,From orders or older inventory; confirm current stock and choose type.
Prior orders,MODEL ULNA RIGHT SIDE,Review,each,,From orders or older inventory; confirm current stock and choose type.
Prior orders,MODEL SCAPULA RIGHT SIDE,Review,each,,From orders or older inventory; confirm current stock and choose type.
Prior orders,MODEL CLAVICULA RIGHT SIDE,Review,each,,From orders or older inventory; confirm current stock and choose type.
Prior orders,MODEL FEMUR RIGHT SIDE,Review,each,,From orders or older inventory; confirm current stock and choose type.
Prior orders,MODEL TIBIA RIGHT SIDE,Review,each,,From orders or older inventory; confirm current stock and choose type.
Prior orders,MODEL FIBULA RIGHT SIDE,Review,each,,From orders or older inventory; confirm current stock and choose type.
Prior orders,MODEL ATLAS AND AXIS,Review,each,,From orders or older inventory; confirm current stock and choose type.
Prior orders,MODEL PAIR OF PELVIC BONES,Review,each,,From orders or older inventory; confirm current stock and choose type.
Prior orders,MODEL SACRUM AND COCCYX,Review,each,,From orders or older inventory; confirm current stock and choose type.
Prior orders,MODEL STERNUM,Review,each,,From orders or older inventory; confirm current stock and choose type.
Prior orders,ANKLE SPRAIN MODEL,Review,each,,From orders or older inventory; confirm current stock and choose type.
Prior orders,MODEL AFRICAN TORSO DUAL-SEX,Review,each,,From orders or older inventory; confirm current stock and choose type.
Prior orders,MODEL MICROANAT TONGUE,Review,each,,From orders or older inventory; confirm current stock and choose type.
Prior orders,OPTION 1 KIT,Review,each,,From orders or older inventory; confirm current stock and choose type.
Prior orders,OPTION 2 KIT,Review,each,,From orders or older inventory; confirm current stock and choose type.
Prior orders,SKIN KIT,Review,each,,From orders or older inventory; confirm current stock and choose type.
Prior orders,MUSCLE BUNDLE,Review,each,,From orders or older inventory; confirm current stock and choose type.
Prior orders,MUSCLE HISTOLOGY PLUS SLIDES,Review,each,,From orders or older inventory; confirm current stock and choose type.
Prior orders,MODEL DELUXE ASIAN DUAL SEX TORSO 18PART,Review,each,,From orders or older inventory; confirm current stock and choose type.
Prior orders,distiller,Review,each,,From orders or older inventory; confirm current stock and choose type.
Prior orders,Dice,Review,each,,From orders or older inventory; confirm current stock and choose type.
Prior orders,VermiHut Plus 5-Tray Worm Compost Bin,Review,each,,From orders or older inventory; confirm current stock and choose type.
Prior orders,Uncle Jim's Worm Farm Red Wiggler Composting Worms Mix,Review,each,,From orders or older inventory; confirm current stock and choose type.
Prior orders,Ice Maker Machine,Review,each,,From orders or older inventory; confirm current stock and choose type.
Prior orders,OpenSciEd Lab kits for Biology unit 2,Review,each,,From orders or older inventory; confirm current stock and choose type.
Prior orders,OpenSciEd Lab kits for Biology unit 3,Review,each,,From orders or older inventory; confirm current stock and choose type.
Prior orders,OpenSciEd Lab kits for Biology unit 4,Review,each,,From orders or older inventory; confirm current stock and choose type.
Prior orders,OpenSciEd Lab kits for Biology unit 5,Review,each,,From orders or older inventory; confirm current stock and choose type.
Prior orders,OpenSciEd Lab kits for Chemistry unit 1,Review,each,,From orders or older inventory; confirm current stock and choose type.
Prior orders,OpenSciEd Lab kits for Chemistry unit 2,Review,each,,From orders or older inventory; confirm current stock and choose type.
Prior orders,OpenSciEd Lab kits for Chemistry unit 3,Review,each,,From orders or older inventory; confirm current stock and choose type.
Prior orders,OpenSciEd Lab kits for Chemistry unit 4,Review,each,,From orders or older inventory; confirm current stock and choose type.
Prior orders,OpenSciEd Lab kits for Chemistry unit 5,Review,each,,From orders or older inventory; confirm current stock and choose type.
Prior orders,OpenSciEd Lab kits for Physics unit 1,Review,each,,From orders or older inventory; confirm current stock and choose type.
Prior orders,OpenSciEd Lab kits for Physics unit 2,Review,each,,From orders or older inventory; confirm current stock and choose type.
Prior orders,OpenSciEd Lab kits for Physics unit 3,Review,each,,From orders or older inventory; confirm current stock and choose type.
Prior orders,OpenSciEd Lab kits for Physics unit 4,Review,each,,From orders or older inventory; confirm current stock and choose type.
Prior orders,OpenSciEd Lab kits for Physics unit 5,Review,each,,From orders or older inventory; confirm current stock and choose type.
Prior orders,OpenSciEd Lab kits for Physics unit 6,Review,each,,From orders or older inventory; confirm current stock and choose type.
Prior orders,lab cart per classroom,Review,each,,From orders or older inventory; confirm current stock and choose type.
Prior orders,digital scales,Review,each,,From orders or older inventory; confirm current stock and choose type.
Prior orders,prisms,Review,each,,From orders or older inventory; confirm current stock and choose type.
Prior orders,cathode ray tube,Review,each,,From orders or older inventory; confirm current stock and choose type.
Prior orders,label maker,Review,each,,From orders or older inventory; confirm current stock and choose type.
Prior orders,AP Chemistry - 19 kit bundle,Review,each,,From orders or older inventory; confirm current stock and choose type.
Prior orders,Burets - 50 mL,Review,each,,From orders or older inventory; confirm current stock and choose type.
Prior orders,expo markers (one pack per teacher),Review,each,,From orders or older inventory; confirm current stock and choose type.
Prior orders,Safe Spectrum Tube (air),Review,each,,From orders or older inventory; confirm current stock and choose type.
Prior orders,Safe Spectrum Tube (argon),Review,each,,From orders or older inventory; confirm current stock and choose type.
Prior orders,Safe Spectrum Tube (carbon dioxide),Review,each,,From orders or older inventory; confirm current stock and choose type.
Prior orders,Safe Spectrum Tube (helium),Review,each,,From orders or older inventory; confirm current stock and choose type.
Prior orders,Safe Spectrum Tube (hydrogen),Review,each,,From orders or older inventory; confirm current stock and choose type.
Prior orders,Safe Spectrum Tube (neon),Review,each,,From orders or older inventory; confirm current stock and choose type.
Prior orders,Safe Spectrum Tube (nitrogen),Review,each,,From orders or older inventory; confirm current stock and choose type.
Prior orders,Safe Spectrum Tube (water vapor),Review,each,,From orders or older inventory; confirm current stock and choose type.
Prior orders,Safe Spectrum System Single Tube Power Supply,Review,each,,From orders or older inventory; confirm current stock and choose type.
Prior orders,dropper bottles,Review,each,,From orders or older inventory; confirm current stock and choose type.
Prior orders,UV bulbs,Review,each,,From orders or older inventory; confirm current stock and choose type.
Prior orders,clamp lamps,Review,each,,From orders or older inventory; confirm current stock and choose type.
Prior orders,rubber pipet fillers,Review,each,,From orders or older inventory; confirm current stock and choose type.
Prior orders,batteries,Review,each,,From orders or older inventory; confirm current stock and choose type.
Prior orders,sandwich bags,Review,each,,From orders or older inventory; confirm current stock and choose type.
Prior orders,centrifuge,Review,each,,From orders or older inventory; confirm current stock and choose type.
Prior orders,hot water bath,Review,each,,From orders or older inventory; confirm current stock and choose type.
Prior orders,dropper bottles (50 pieces),Review,each,,From orders or older inventory; confirm current stock and choose type.
Prior orders,uv bulbs (12 pack),Review,each,,From orders or older inventory; confirm current stock and choose type.
Prior orders,2 pack clamp light,Review,each,,From orders or older inventory; confirm current stock and choose type.
Prior orders,Dissection tools,Review,each,,From orders or older inventory; confirm current stock and choose type.
Prior orders,HDMI microscope,Review,each,,From orders or older inventory; confirm current stock and choose type.
Prior orders,cathode ray tube (Argon),Review,each,,From orders or older inventory; confirm current stock and choose type.
Prior orders,cathode ray tube (Carbon Dioxide),Review,each,,From orders or older inventory; confirm current stock and choose type.
Prior orders,cathode ray tube (Helium),Review,each,,From orders or older inventory; confirm current stock and choose type.
Prior orders,cathode ray tube (Hydrogen),Review,each,,From orders or older inventory; confirm current stock and choose type.
Prior orders,cathode ray tube (Neon),Review,each,,From orders or older inventory; confirm current stock and choose type.
Prior orders,cathode ray tube (Nitrogen),Review,each,,From orders or older inventory; confirm current stock and choose type.
Prior orders,cathode ray tube (Water Vapor),Review,each,,From orders or older inventory; confirm current stock and choose type.
Prior orders,OSE Biology Unit 2 kits,Review,each,,From orders or older inventory; confirm current stock and choose type.
Prior orders,OSE Biology Unit 2 session kit,Review,each,,From orders or older inventory; confirm current stock and choose type.
Prior orders,Bio Unit 2 Consumables,Review,each,,From orders or older inventory; confirm current stock and choose type.
Prior orders,OSE Biology unit 3 Kits,Review,each,,From orders or older inventory; confirm current stock and choose type.
Prior orders,BIo Unit 3 consumables,Review,each,,From orders or older inventory; confirm current stock and choose type.
Prior orders,OSE Biology Unit 4 kits,Review,each,,From orders or older inventory; confirm current stock and choose type.
Prior orders,Bio Unit 4 consumables,Review,each,,From orders or older inventory; confirm current stock and choose type.
Prior orders,OSE Biology unit 5 Kits,Review,each,,From orders or older inventory; confirm current stock and choose type.
Prior orders,Bio Unit 5 consumables,Review,each,,From orders or older inventory; confirm current stock and choose type.
Prior orders,OSE Chemistry unit 1 kits,Review,each,,From orders or older inventory; confirm current stock and choose type.
Prior orders,Chem Unit 1 consumables,Review,each,,From orders or older inventory; confirm current stock and choose type.
Prior orders,OSE Chemistry unit 2 kits,Review,each,,From orders or older inventory; confirm current stock and choose type.
Prior orders,Chem Unit 2 consumables,Review,each,,From orders or older inventory; confirm current stock and choose type.
Prior orders,OSE Chemistry unit 3 kits,Review,each,,From orders or older inventory; confirm current stock and choose type.
Prior orders,Chem Unit 3 consumables,Review,each,,From orders or older inventory; confirm current stock and choose type.
Prior orders,OSE Chemistry unit 4 kits,Review,each,,From orders or older inventory; confirm current stock and choose type.
Prior orders,Chem Unit 4 consumables,Review,each,,From orders or older inventory; confirm current stock and choose type.
Prior orders,OSE Chemistry unit 5 kits,Review,each,,From orders or older inventory; confirm current stock and choose type.
Prior orders,Chem Unit 5 consumables,Review,each,,From orders or older inventory; confirm current stock and choose type.
Prior orders,OSE Physics unit 1 kits,Review,each,,From orders or older inventory; confirm current stock and choose type.
Prior orders,Phys unit 1 consumables,Review,each,,From orders or older inventory; confirm current stock and choose type.
Prior orders,OSE Physics unit 2 kits,Review,each,,From orders or older inventory; confirm current stock and choose type.
Prior orders,Phys unit 2 consumables,Review,each,,From orders or older inventory; confirm current stock and choose type.
Prior orders,OSE Physics unit 3 kits,Review,each,,From orders or older inventory; confirm current stock and choose type.
Prior orders,Phys unit 3 consumables,Review,each,,From orders or older inventory; confirm current stock and choose type.
Prior orders,OSE Physics unit 4 kits,Review,each,,From orders or older inventory; confirm current stock and choose type.
Prior orders,Phys unit 4 consumables,Review,each,,From orders or older inventory; confirm current stock and choose type.
Prior orders,OSE Physics unit 5 kits,Review,each,,From orders or older inventory; confirm current stock and choose type.
Prior orders,Phys unit 5 consumables,Review,each,,From orders or older inventory; confirm current stock and choose type.
Prior orders,OSE Physics unit 6 kits,Review,each,,From orders or older inventory; confirm current stock and choose type.
Prior orders,Phys unit 6 consumables,Review,each,,From orders or older inventory; confirm current stock and choose type.
Prior orders,Acrylic Prism Sets,Review,each,,From orders or older inventory; confirm current stock and choose type.
Prior orders,Binoculars,Review,each,,From orders or older inventory; confirm current stock and choose type.
Prior orders,label maker tape refill,Review,each,,From orders or older inventory; confirm current stock and choose type.
Prior orders,expo markers (packs of four colors),Review,each,,From orders or older inventory; confirm current stock and choose type.
Prior orders,hot water baths (10 L),Review,each,,From orders or older inventory; confirm current stock and choose type.
Prior orders,MiniOne Electrophoresis System Classroom Set,Review,each,,From orders or older inventory; confirm current stock and choose type.
Prior orders,Grand Total,Review,each,,From orders or older inventory; confirm current stock and choose type.
Prior orders,Dice Set,Review,each,,From orders or older inventory; confirm current stock and choose type.
Prior orders,Sticky Tabs,Review,each,,From orders or older inventory; confirm current stock and choose type.
Prior orders,470004-822 -The Water Quality Educator and Monitoring Outfit,Review,each,,From orders or older inventory; confirm current stock and choose type.
Prior orders,470225-924 - Water Quality Educator Refill,Review,each,,From orders or older inventory; confirm current stock and choose type.
Prior orders,"Sterilite 16428012 6 Quart/5.7 Liter Storage Box, White Lid with Clear Base (Pack of 12)",Review,each,,From orders or older inventory; confirm current stock and choose type.
Prior orders,"1200Pcs Colored Page Markers,6Set Fluorescent Sticky Tabs in 10 Primary Color,Neon Sticky Notes Flags,Waterproof Writable Translucent Page Flags for Books,Noteb",Review,each,,From orders or older inventory; confirm current stock and choose type.
Prior orders,"Micro Essential Hydrion 165/1-12 Wide Range pH Test Strip with Colorimetric Chart, 1-12 pH Range (Case of 10)",Review,each,,From orders or older inventory; confirm current stock and choose type.
Prior orders,"MedPride Powder-Free Nitrile Exam Gloves, Medium, Box/100",Review,each,,From orders or older inventory; confirm current stock and choose type.
Prior orders,"Pacific Blue Basic S-Fold Recycled Paper Towels by GP PRO (Georgia-Pacific), Brown, 23504, 250 Towels Per Pack, 16 Packs Per Case (4000 Total), 9.20"" x 10.20""Pa",Review,each,,From orders or older inventory; confirm current stock and choose type.
Prior orders,"Oxford Composition Notebooks, College Ruled Paper, 9-3/4"" x 7-1/2"", Black Marble Covers, 100 Sheets, 12 per Pack (63796)",Review,each,,From orders or older inventory; confirm current stock and choose type.
Prior orders,Universal Multifold Paper Towels,Review,each,,From orders or older inventory; confirm current stock and choose type.
Prior orders,Fine Point Sharpie (12 count pack of 24),Review,each,,From orders or older inventory; confirm current stock and choose type.
Prior orders,tissues,Review,each,,From orders or older inventory; confirm current stock and choose type.
Prior orders,Pencils (pre-sharpened 144 pk),Review,each,,From orders or older inventory; confirm current stock and choose type.
Prior orders,Canon CRG 055 Standard Capacity Toner Cartridge,Review,each,,From orders or older inventory; confirm current stock and choose type.
Prior orders,5000 Pcs Plastic Transfer Pipettes (1ml),Review,each,,From orders or older inventory; confirm current stock and choose type.
Prior orders,1000 Pcs Plastic Transfer Pipettes Disposable (0.2ml),Review,each,,From orders or older inventory; confirm current stock and choose type.
Prior orders,Notebooks,Review,each,,From orders or older inventory; confirm current stock and choose type.
Prior orders,Elmer's All Purpose School Glue Sticks,Review,each,,From orders or older inventory; confirm current stock and choose type.
Prior orders,Hair Ties,Review,each,,From orders or older inventory; confirm current stock and choose type.
Prior orders,"Astrobrights Mega Collection, Colored Paper, Punchy Pastel Assortment, Expanded 6‑Colors, 624 Sheets, 24 lb/89 GSM, 8.5"" x 11"" - More Colors, More Sheets! (9164",Review,each,,From orders or older inventory; confirm current stock and choose type.
Prior orders,"Astrobrights Mega Collection, Colored Paper, Unicorn Assortment, Expanded 6‑Colors, 624 Sheets, 24 lb/89 gsm, 8.5"" x 11"" - MORE COLORS, MORE SHEETS! (92061)",Review,each,,From orders or older inventory; confirm current stock and choose type.
Prior orders,"Astrobrights Mega Collection, Colored Paper, ""Brilliant"" 5-Color Assortment, 625 Sheets, 24 lb/89 gsm, 8.5"" x 11 - MORE SHEETS! (91684)",Review,each,,From orders or older inventory; confirm current stock and choose type.
Prior orders,"Astrobrights Mega Collection, Colored Paper,""Classic"" 5-Color Assortment, 625 Sheets, 24 lb/89 gsm, 8.5"" x 11"" - MORE SHEETS! (91623)",Review,each,,From orders or older inventory; confirm current stock and choose type.
Prior orders,"Astrobrights Mega Collection, Colored Paper, ""Joyful"" 5-Color Assortment, 625 Sheets, 24 lb/89 gsm, 8.5"" x 11"" - MORE SHEETS! (91624)",Review,each,,From orders or older inventory; confirm current stock and choose type.
Prior orders,"Astrobrights Mega Collection Colored Paper, 8 ½ x 11, 24 lb/89 gsm, “Retro” 5-Color Assortment, 625 Ct. (91685)""Amazon Exclusive"" - More Sheets! , Assorted",Review,each,,From orders or older inventory; confirm current stock and choose type.
Prior orders,"Astrobrights Mega Collection, Colored Paper,""Frosty"" 5-Color Assortment, 625 Sheets, 24 lb/89 gsm, 8.5"" x 11"" - MORE SHEETS! (91686), Assorted",Review,each,,From orders or older inventory; confirm current stock and choose type.
Prior orders,"Astrobrights Mega Collection, Colored Paper, Bright Pink, 625 Sheets, 24 lb/89 gsm, 8.5"" x 11"" - MORE SHEETS! (91674)",Review,each,,From orders or older inventory; confirm current stock and choose type.
Prior orders,"Astrobrights Mega Collection, Colored Paper, Neon Pink, 625 Sheets, 24 lb/89 gsm, 8.5"" x 11 - MORE SHEETS! (91673)",Review,each,,From orders or older inventory; confirm current stock and choose type.
Prior orders,"Astrobrights Mega Collection, Colored Paper, Ultra Red, 625 Sheets, 24 lb/89 gsm, 8.5"" x 11"" - MORE SHEETS! (91692)",Review,each,,From orders or older inventory; confirm current stock and choose type.
Prior orders,"Astrobrights Mega Collection, Colored Paper, Bright Orange, 625 Sheets, 24 lb/89 gsm, 8.5"" x 11"" - MORE SHEETS! (91619)",Review,each,,From orders or older inventory; confirm current stock and choose type.
Prior orders,"Astrobrights Mega Collection Colored Paper, Neon Yellow, 625 Sheets, 24 lb/89 gsm, 8.5"" x 11"" - MORE SHEETS! (91676)",Review,each,,From orders or older inventory; confirm current stock and choose type.
Prior orders,"Astrobrights Mega Collection, Colored Paper, Bright Yellow, 625 Sheets, 24 lb/89 gsm, 8.5"" x 11"" - MORE SHEETS! (91618)",Review,each,,From orders or older inventory; confirm current stock and choose type.
Prior orders,"Astrobrights Mega Collection, Colored Paper, Ultra Green, 625 Sheets, 24 lb/89 gsm, 8.5"" x 11"" - MORE SHEETS! (91677)",Review,each,,From orders or older inventory; confirm current stock and choose type.
Prior orders,"Astrobrights Mega Collection, Colored Paper, Neon Green, 625 Sheets, 24 lb/89 gsm, 8.5"" x 11"" - MORE SHEETS! (91672)",Review,each,,From orders or older inventory; confirm current stock and choose type.
Prior orders,"Astrobrights Mega Collection, Colored Paper, Bright Green, 625 Sheets, 24 lb/89 gsm, 8.5"" x 11"" - MORE SHEETS! (91622)",Review,each,,From orders or older inventory; confirm current stock and choose type.
Prior orders,"Astrobrights Mega Collection, Colored Paper, Punchy Pastel Blue Bliss, 625 Sheets, 24 lb./89 gsm, 8.5"" x 11"" - MORE SHEETS! (91730)",Review,each,,From orders or older inventory; confirm current stock and choose type.
Prior orders,"Astrobrights Mega Collection, Colored Paper, Punchy Pastel Lemon Twirl, 625 Sheets, 24 lb./89 gsm, 8.5"" x 11"" - MORE SHEETS! (91731)",Review,each,,From orders or older inventory; confirm current stock and choose type.
Prior orders,"Astrobrights Mega Collection, Colored Paper, Ultra Purple, 625 Sheets, 24 lb/89 gsm, 8.5"" x 11"" - MORE SHEETS! (91691)",Review,each,,From orders or older inventory; confirm current stock and choose type.
Prior orders,"Astrobrights Mega Collection Colored Paper, 8 ½ x 11, 24 lb/89 gsm, Bright Purple, 625 Ct. (91675) ""Amazon Exclusive"" - More Sheets!'",Review,each,,From orders or older inventory; confirm current stock and choose type.
Prior orders,"Astrobrights 65 lb. Cardstock Paper, 8.5-inch x 11-inch, Eclipse Black, 100 Sheets/Pack (22024-01)",Review,each,,From orders or older inventory; confirm current stock and choose type.
Prior orders,POGIL® Activities for AP® Chemistry,Review,each,,From orders or older inventory; confirm current stock and choose type.
Prior orders,Gravimetric Analysis of a Metal Carbonate,Review,each,,From orders or older inventory; confirm current stock and choose type.
Prior orders,Beer's Law and Colorimetry,Review,each,,From orders or older inventory; confirm current stock and choose type.
Prior orders,Determination of an Empirical Formula,Review,each,,From orders or older inventory; confirm current stock and choose type.
Prior orders,Redox Titration of Hydrogen Peroxide,Review,each,,From orders or older inventory; confirm current stock and choose type.
Prior orders,Titration of Acids and Bases,Review,each,,From orders or older inventory; confirm current stock and choose type.
Prior orders,Electrochemistry: Voltaic Cells,Review,each,,From orders or older inventory; confirm current stock and choose type.
Prior orders,Factors Affecting Reaction Rates,Review,each,,From orders or older inventory; confirm current stock and choose type.
Prior orders,Le Châtelier’s Principle,Review,each,,From orders or older inventory; confirm current stock and choose type.
Prior orders,Determination of an Equilibrium Constant,Review,each,,From orders or older inventory; confirm current stock and choose type.
Prior orders,Determination of the Solubility Product Constant,Review,each,,From orders or older inventory; confirm current stock and choose type.
Prior orders,Heat of Reaction: Hess’s Law,Review,each,,From orders or older inventory; confirm current stock and choose type.
Prior orders,Paper Chromatography of Amino Acids,Review,each,,From orders or older inventory; confirm current stock and choose type.
Prior orders,Qualitative Analysis of Anions and Cations,Review,each,,From orders or older inventory; confirm current stock and choose type.
Prior orders,filter funnel (buchner),Review,each,,From orders or older inventory; confirm current stock and choose type.
Prior orders,pipet bulb/pipet filler,Review,each,,From orders or older inventory; confirm current stock and choose type.
Prior orders,volumetric flasks,Review,each,,From orders or older inventory; confirm current stock and choose type.
Prior orders,wax pencils,Review,each,,From orders or older inventory; confirm current stock and choose type.
Prior orders,50-ml burets,Review,each,,From orders or older inventory; confirm current stock and choose type.
Prior orders,dessicators,Review,each,,From orders or older inventory; confirm current stock and choose type.
Prior orders,magnetic stirrers,Review,each,,From orders or older inventory; confirm current stock and choose type.
Prior orders,weighing dishes,Review,each,,From orders or older inventory; confirm current stock and choose type.
Prior orders,6-well reaction plates,Review,each,,From orders or older inventory; confirm current stock and choose type.
Prior orders,steel wool,Review,each,,From orders or older inventory; confirm current stock and choose type.
Prior orders,24-well reaction plates,Review,each,,From orders or older inventory; confirm current stock and choose type.
Prior orders,test tube holders,Review,each,,From orders or older inventory; confirm current stock and choose type.
Prior orders,serological pipets,Review,each,,From orders or older inventory; confirm current stock and choose type.
Prior orders,lens paper,Review,each,,From orders or older inventory; confirm current stock and choose type.
Prior orders,microscope slides,Review,each,,From orders or older inventory; confirm current stock and choose type.
Prior orders,pipe stem triangle,Review,each,,From orders or older inventory; confirm current stock and choose type.
Prior orders,voltmeters,Review,each,,From orders or older inventory; confirm current stock and choose type.
Prior orders,buret clamps,Review,each,,From orders or older inventory; confirm current stock and choose type.
Prior orders,wire gauze w/ ceramic centers,Review,each,,From orders or older inventory; confirm current stock and choose type.
Prior orders,quantitative filter paper,Review,each,,From orders or older inventory; confirm current stock and choose type.
Prior orders,glass stirring rods,Review,each,,From orders or older inventory; confirm current stock and choose type.
Prior orders,crucible,Review,each,,From orders or older inventory; confirm current stock and choose type.
Prior orders,spatulas,Review,each,,From orders or older inventory; confirm current stock and choose type.
Prior orders,test tube stoppers,Review,each,,From orders or older inventory; confirm current stock and choose type.
Prior orders,pH 7 buffer solution,Review,each,,From orders or older inventory; confirm current stock and choose type.
Prior orders,13 x 150 mm test tubes,Review,each,,From orders or older inventory; confirm current stock and choose type.
Prior orders,13 x 100 mm test tubes,Review,each,,From orders or older inventory; confirm current stock and choose type.
Prior orders,storage bottle w/ caps,Review,each,,From orders or older inventory; confirm current stock and choose type.
Prior orders,cuvets,Review,each,,From orders or older inventory; confirm current stock and choose type.
Prior orders,Buffers and Beverages,Review,each,,From orders or older inventory; confirm current stock and choose type.
Prior orders,Food Coloring,Review,each,,From orders or older inventory; confirm current stock and choose type.
Prior orders,Gravel,Review,each,,From orders or older inventory; confirm current stock and choose type.
Prior orders,Vinegar,Review,each,,From orders or older inventory; confirm current stock and choose type.
Prior orders,2 Disinfecting Bleach Cleaners,Review,each,,From orders or older inventory; confirm current stock and choose type.
Prior orders,Elodea Densa,Review,each,,From orders or older inventory; confirm current stock and choose type.
Prior orders,plastic wrap,Review,each,,From orders or older inventory; confirm current stock and choose type.
Prior orders,bromothymol blue 0.04% aqueous,Review,each,,From orders or older inventory; confirm current stock and choose type.
Prior orders,rubber band,Review,each,,From orders or older inventory; confirm current stock and choose type.
Prior orders,alka-seltzer tablet,Review,each,,From orders or older inventory; confirm current stock and choose type.
Prior orders,permanent marker,Review,each,,From orders or older inventory; confirm current stock and choose type.
Prior orders,toothpicks,Review,each,,From orders or older inventory; confirm current stock and choose type.
Prior orders,Sunflower Seeds,Review,each,,From orders or older inventory; confirm current stock and choose type.
Prior orders,Coffee Filters,Review,each,,From orders or older inventory; confirm current stock and choose type.
Prior orders,Mini Plastic cups with Lids,Review,each,,From orders or older inventory; confirm current stock and choose type.
Prior orders,Plastic Spoons,Review,each,,From orders or older inventory; confirm current stock and choose type.
Prior orders,Baking Soda,Review,each,,From orders or older inventory; confirm current stock and choose type.
Prior orders,Dish Soap,Review,each,,From orders or older inventory; confirm current stock and choose type.
Prior orders,Population Growth Kit with Perishables,Review,each,,From orders or older inventory; confirm current stock and choose type.
Prior orders,"Duckweed, Living Plant",Review,each,,From orders or older inventory; confirm current stock and choose type.
Prior orders,Ecologies Game,Review,each,,From orders or older inventory; confirm current stock and choose type.
Prior orders,Algae Beads Kit with Pershables,Review,each,,From orders or older inventory; confirm current stock and choose type.
Prior orders,Respiration Beads,Review,each,,From orders or older inventory; confirm current stock and choose type.
Prior orders,Pollution of Water Kit,Review,each,,From orders or older inventory; confirm current stock and choose type.
Prior orders,Genetic - Fast plants Kit,Review,each,,From orders or older inventory; confirm current stock and choose type.
Prior orders,Owl Pellet Dissection Kit,Review,each,,From orders or older inventory; confirm current stock and choose type.
Prior orders,Soil Samples,Review,each,,From orders or older inventory; confirm current stock and choose type.
Prior orders,Stryofaom Cups with Lids,Review,each,,From orders or older inventory; confirm current stock and choose type.
Prior orders,Hydrochloric Acid,Review,each,,From orders or older inventory; confirm current stock and choose type.
Prior orders,Sodium Hydroxide,Review,each,,From orders or older inventory; confirm current stock and choose type.
Prior orders,Sodium Bicarbonate,Review,each,,From orders or older inventory; confirm current stock and choose type.
Prior orders,Calcium Chloride,Review,each,,From orders or older inventory; confirm current stock and choose type.
Prior orders,Reaction in a Bag,Review,each,,From orders or older inventory; confirm current stock and choose type.
Prior orders,Copper Wire,Review,each,,From orders or older inventory; confirm current stock and choose type.
Prior orders,Nichrome Wire,Review,each,,From orders or older inventory; confirm current stock and choose type.
Prior orders,Small Cups,Review,each,,From orders or older inventory; confirm current stock and choose type.
Prior orders,Salt,Review,each,,From orders or older inventory; confirm current stock and choose type.
Prior orders,Flame Test Kit,Review,each,,From orders or older inventory; confirm current stock and choose type.
Prior orders,Soil Permiability Kit,Review,each,,From orders or older inventory; confirm current stock and choose type.
Prior orders,Soil Testing,Review,each,,From orders or older inventory; confirm current stock and choose type.
Prior orders,Balloons,Review,each,,From orders or older inventory; confirm current stock and choose type.
Prior orders,Plastic Cups,Review,each,,From orders or older inventory; confirm current stock and choose type.
Prior orders,Pipettes,Review,each,,From orders or older inventory; confirm current stock and choose type.
Prior orders,Properties of Soap,Review,each,,From orders or older inventory; confirm current stock and choose type.
Prior orders,Water Kit,Review,each,,From orders or older inventory; confirm current stock and choose type.
Prior orders,Mystery Reactions,Review,each,,From orders or older inventory; confirm current stock and choose type.
Prior orders,Acetone,Review,each,,From orders or older inventory; confirm current stock and choose type.
Prior orders,Isopropyl Alcohol,Review,each,,From orders or older inventory; confirm current stock and choose type.
Prior orders,Sense Of Solubility,Review,each,,From orders or older inventory; confirm current stock and choose type.
Prior orders,Dionized Water,Review,each,,From orders or older inventory; confirm current stock and choose type.
Prior orders,Metal Activity,Review,each,,From orders or older inventory; confirm current stock and choose type.
Prior orders,Water Treatment & Filtration Kit,Review,each,,From orders or older inventory; confirm current stock and choose type.
Prior orders,Water Tubing,Review,each,,From orders or older inventory; confirm current stock and choose type.
Prior orders,Pumps,Review,each,,From orders or older inventory; confirm current stock and choose type.
Prior orders,AP® Environmental Science Full-Year Kit Bundle,Review,each,,From orders or older inventory; confirm current stock and choose type.
Prior orders,soil corer,Review,each,,From orders or older inventory; confirm current stock and choose type.
Prior orders,soil sieves,Review,each,,From orders or older inventory; confirm current stock and choose type.
Prior orders,cotton Butcher's twine656 ft,Review,each,,From orders or older inventory; confirm current stock and choose type.
Prior orders,water balloons (100) colorful,Review,each,,From orders or older inventory; confirm current stock and choose type.
Prior orders,balloons (100) white/ biodegradable,Review,each,,From orders or older inventory; confirm current stock and choose type.
Prior orders,Chalk Markers,Review,each,,From orders or older inventory; confirm current stock and choose type.
Prior orders,coil hair ties (27),Review,each,,From orders or older inventory; confirm current stock and choose type.
Prior orders,1000 pony beads white,Review,each,,From orders or older inventory; confirm current stock and choose type.
Prior orders,1000 pony beads blue,Review,each,,From orders or older inventory; confirm current stock and choose type.
Prior orders,beads,Review,each,,From orders or older inventory; confirm current stock and choose type.
Prior orders,12 tab dividers (24 pack),Review,each,,From orders or older inventory; confirm current stock and choose type.
Prior orders,Color ink cartridge,Review,each,,From orders or older inventory; confirm current stock and choose type.
Prior orders,Bic pens blue,Review,each,,From orders or older inventory; confirm current stock and choose type.
Prior orders,Nitrile Gloves (S),Review,each,,From orders or older inventory; confirm current stock and choose type.
Prior orders,Nitrile Gloves (M),Review,each,,From orders or older inventory; confirm current stock and choose type.
Prior orders,Nitrile Gloves (L),Review,each,,From orders or older inventory; confirm current stock and choose type.
Prior orders,Nitrile Gloves (XL),Review,each,,From orders or older inventory; confirm current stock and choose type.
Prior orders,Hand sanitizer wipes,Review,each,,From orders or older inventory; confirm current stock and choose type.
Prior orders,painting canvas (36),Review,each,,From orders or older inventory; confirm current stock and choose type.
Prior orders,colored pencils (36),Review,each,,From orders or older inventory; confirm current stock and choose type.
Prior orders,Earth Stress Balls (48pk),Review,each,,From orders or older inventory; confirm current stock and choose type.
Prior orders,Spice jars (48 pk),Review,each,,From orders or older inventory; confirm current stock and choose type.
Prior orders,clear glue,Review,each,,From orders or older inventory; confirm current stock and choose type.
Prior orders,Acrylic paints (36 pk),Review,each,,From orders or older inventory; confirm current stock and choose type.
Prior orders,Pencil boxes (4 pack),Review,each,,From orders or older inventory; confirm current stock and choose type.
Prior orders,orange binder clips,Review,each,,From orders or older inventory; confirm current stock and choose type.
Prior orders,lt.orange paper (ream),Review,each,,From orders or older inventory; confirm current stock and choose type.
Prior orders,laminating pouches (600/1 per bldg),Review,each,,From orders or older inventory; confirm current stock and choose type.
Prior orders,glue sticks (pk of 60),Review,each,,From orders or older inventory; confirm current stock and choose type.
Prior orders,round end Scissors (10 pk),Review,each,,From orders or older inventory; confirm current stock and choose type.
Prior orders,Black washable markers,Review,each,,From orders or older inventory; confirm current stock and choose type.
Prior orders,Poster Paper Roll,Review,each,,From orders or older inventory; confirm current stock and choose type.
Prior orders,Expo Markers,Review,each,,From orders or older inventory; confirm current stock and choose type.
Prior orders,Jumbo Chalk Markers,Review,each,,From orders or older inventory; confirm current stock and choose type.
Prior orders,Chisel Chalk Markers,Review,each,,From orders or older inventory; confirm current stock and choose type.
Prior orders,Stapler,Review,each,,From orders or older inventory; confirm current stock and choose type.
Prior orders,"Stackable Colorful Storage Bins Containers with Lid,",Review,each,,From orders or older inventory; confirm current stock and choose type.
Prior orders,HDMI 2X Input Transmitter,Review,each,,From orders or older inventory; confirm current stock and choose type.
Prior orders,Hanging Folders,Review,each,,From orders or older inventory; confirm current stock and choose type.
Prior orders,Window Markers,Review,each,,From orders or older inventory; confirm current stock and choose type.
Prior orders,Stackable Containers,Review,each,,From orders or older inventory; confirm current stock and choose type.
Prior orders,Tape,Review,each,,From orders or older inventory; confirm current stock and choose type.
Prior orders,Certicate Holders,Review,each,,From orders or older inventory; confirm current stock and choose type.
Prior orders,Certificate Paper,Review,each,,From orders or older inventory; confirm current stock and choose type.
Prior orders,Binder Clips,Review,each,,From orders or older inventory; confirm current stock and choose type.
Prior orders,Extension Cord,Review,each,,From orders or older inventory; confirm current stock and choose type.
Prior orders,Popsicle Sticks,Review,each,,From orders or older inventory; confirm current stock and choose type.
Prior orders,Folders,Review,each,,From orders or older inventory; confirm current stock and choose type.
Prior orders,Easel Pads,Review,each,,From orders or older inventory; confirm current stock and choose type.
Prior orders,Manila Envelopes,Review,each,,From orders or older inventory; confirm current stock and choose type.
Prior orders,Envelopes,Review,each,,From orders or older inventory; confirm current stock and choose type.
Prior orders,Thank you letters,Review,each,,From orders or older inventory; confirm current stock and choose type.
Prior orders,Paper Clip Holder,Review,each,,From orders or older inventory; confirm current stock and choose type.
Prior orders,"Sharpy S-Gel Pens, 0.7mm, 12 count",Review,each,,From orders or older inventory; confirm current stock and choose type.
Prior orders,9V battery,Review,each,,From orders or older inventory; confirm current stock and choose type.
Prior orders,aluminum foil sheets,Review,each,,From orders or older inventory; confirm current stock and choose type.
Prior orders,colored pencils (variety pack),Review,each,,From orders or older inventory; confirm current stock and choose type.
Prior orders,clear pencil box,Review,each,,From orders or older inventory; confirm current stock and choose type.
Prior orders,LR44 Batteries 40 Pack,Review,each,,From orders or older inventory; confirm current stock and choose type.
Prior orders,fizzing tablets,Review,each,,From orders or older inventory; confirm current stock and choose type.
Prior orders,"food coloring (4 colors red/yellow/green/blue, 1 oz bottles)",Review,each,,From orders or older inventory; confirm current stock and choose type.
Prior orders,Glass capillary tubes (0.5 x 100 mm),Review,each,,From orders or older inventory; confirm current stock and choose type.
Prior orders,Instant cold pack,Review,each,,From orders or older inventory; confirm current stock and choose type.
Prior orders,Instant hot pack,Review,each,,From orders or older inventory; confirm current stock and choose type.
Prior orders,Masking tape,Review,each,,From orders or older inventory; confirm current stock and choose type.
Prior orders,Plastic bag (sealable),Review,each,,From orders or older inventory; confirm current stock and choose type.
Prior orders,"Sand, clean & dry",Review,each,,From orders or older inventory; confirm current stock and choose type.
Prior orders,universal pH strips,Review,each,,From orders or older inventory; confirm current stock and choose type.
Prior orders,safety goggles,Review,each,,From orders or older inventory; confirm current stock and choose type.
Prior orders,digital thermometer,Review,each,,From orders or older inventory; confirm current stock and choose type.
Prior orders,800 mL beaker,Review,each,,From orders or older inventory; confirm current stock and choose type.
Prior orders,bromothymol blue indicator,Review,each,,From orders or older inventory; confirm current stock and choose type.
Prior orders,200uL Universal Non-Filter Pipette Tips,Review,each,,From orders or older inventory; confirm current stock and choose type.
Prior orders,Sen Yuh Miracle Fruit Tablets,Review,each,,From orders or older inventory; confirm current stock and choose type.
Prior orders,Pens,Review,each,,From orders or older inventory; confirm current stock and choose type.
Prior orders,Pectinase Enzyme,Review,each,,From orders or older inventory; confirm current stock and choose type.
Prior orders,Unsweetened Apple Sauce,Review,each,,From orders or older inventory; confirm current stock and choose type.
Prior orders,Disposable White Paper Cone Cups (600 ct),Review,each,,From orders or older inventory; confirm current stock and choose type.
Prior orders,Clear Plastic Cups (600 ct),Review,each,,From orders or older inventory; confirm current stock and choose type.
Prior orders,DysphagiAide Thickener (19.75 oz),Review,each,,From orders or older inventory; confirm current stock and choose type.
Prior orders,copy paper,Review,each,,From orders or older inventory; confirm current stock and choose type.
Prior orders,Evolution,Review,each,,From orders or older inventory; confirm current stock and choose type.
Prior orders,Sanitizer wipes,Review,each,,From orders or older inventory; confirm current stock and choose type.
Prior orders,"BioZone AP Biology, Teacher's Edition",Review,each,,From orders or older inventory; confirm current stock and choose type.
Prior orders,Gel Loading Practice MiniLab (M3002),Review,each,,From orders or older inventory; confirm current stock and choose type.
Prior orders,MiniOne PCR System with Android Mobile Controller (M4001),Review,each,,From orders or older inventory; confirm current stock and choose type.
Prior orders,PCR Cycle Number Analysis MiniLab (M6005),Review,each,,From orders or older inventory; confirm current stock and choose type.
Prior orders,Code Condor - Conservation Genetics MiniLab (M3027TAE),Review,each,,From orders or older inventory; confirm current stock and choose type.
Prior orders,Hunting the Inheritance of Huntington's Disease MiniLab (M3010),Review,each,,From orders or older inventory; confirm current stock and choose type.
Prior orders,Engineer-it Kit™: Get started with Genetic Engineering for bacteria (bacterial transformation kit),Review,each,,From orders or older inventory; confirm current stock and choose type.
Prior orders,Biology Sugar,Review,each,,From orders or older inventory; confirm current stock and choose type.
Prior orders,Chart paper,Review,each,,From orders or older inventory; confirm current stock and choose type.
Prior orders,Chart paper markers,Review,each,,From orders or older inventory; confirm current stock and choose type.
Prior orders,colored markers,Review,each,,From orders or older inventory; confirm current stock and choose type.
Prior orders,pastel paper (ream),Review,each,,From orders or older inventory; confirm current stock and choose type.
Prior orders,bright pastel ream,Review,each,,From orders or older inventory; confirm current stock and choose type.
Prior orders,dry erase markers,Review,each,,From orders or older inventory; confirm current stock and choose type.
Prior orders,"Astrobrights Mega Collection, Colored Cardstock,""Frosty"" 5-Color Assortment, 320 Sheets, 65 lb/176 gsm, 8.5"" x 11"" (91689)",Review,each,,From orders or older inventory; confirm current stock and choose type.
Prior orders,"Astrobrights Color Cardstock -""Bright"" Assortment, 65 lb Cover Weight, 8.5 x 11, Assorted, 250/Pack",Review,each,,From orders or older inventory; confirm current stock and choose type.
Prior orders,"ethanol, 95% lab grade",Review,each,,From orders or older inventory; confirm current stock and choose type.
Prior orders,long-stem lighter,Review,each,,From orders or older inventory; confirm current stock and choose type.
Prior orders,peat chips,Review,each,,From orders or older inventory; confirm current stock and choose type.
Prior orders,Reagent-Grade Iodine Solution,Review,each,,From orders or older inventory; confirm current stock and choose type.
Prior orders,Straws (Biology),Review,each,,From orders or older inventory; confirm current stock and choose type.
Prior orders,yeast,Review,each,,From orders or older inventory; confirm current stock and choose type.
Prior orders,Lab labeling tape/pastel,Review,each,,From orders or older inventory; confirm current stock and choose type.
Prior orders,Lab Labeling tape/Primary,Review,each,,From orders or older inventory; confirm current stock and choose type.
Prior orders,clear plastic cups,Review,each,,From orders or older inventory; confirm current stock and choose type.
Prior orders,Small wiffle balls,Review,each,,From orders or older inventory; confirm current stock and choose type.
Prior orders,red kool aid unsweetened-powdered dye,Review,each,,From orders or older inventory; confirm current stock and choose type.
Prior orders,12 qt bin/4 pack,Review,each,,From orders or older inventory; confirm current stock and choose type.
Prior orders,mini carabiners,Review,each,,From orders or older inventory; confirm current stock and choose type.
Prior orders,"Lead-Free Fishing Weights, 300g Heavy Sinkers Eco-Friendly/5 pack/",Review,each,,From orders or older inventory; confirm current stock and choose type.
Prior orders,chopsticks/120,Review,each,,From orders or older inventory; confirm current stock and choose type.
Prior orders,towel clips/8 pack,Review,each,,From orders or older inventory; confirm current stock and choose type.
Prior orders,hair clips,Review,each,,From orders or older inventory; confirm current stock and choose type.
Prior orders,Faux Fur,Review,each,,From orders or older inventory; confirm current stock and choose type.
Prior orders,1 quart freezer bags/120,Review,each,,From orders or older inventory; confirm current stock and choose type.
Prior orders,1 gallon bags/300,Review,each,,From orders or older inventory; confirm current stock and choose type.
Prior orders,Crisco/6lbs,Review,each,,From orders or older inventory; confirm current stock and choose type.
Prior orders,infrared cameras,Review,each,,From orders or older inventory; confirm current stock and choose type.
Prior orders,boxcutters/4pack,Review,each,,From orders or older inventory; confirm current stock and choose type.
Prior orders,Seed Germination and Moisture—Guided-Inquiry Kit,Review,each,,From orders or older inventory; confirm current stock and choose type.
Prior orders,Duckweed Population Growth kit,Review,each,,From orders or older inventory; confirm current stock and choose type.
Prior orders,"Rye Grass Seed, Monocot, 1 lb",Review,each,,From orders or older inventory; confirm current stock and choose type.
Prior orders,"Wheat Seed, Monocot, 1 lb",Review,each,,From orders or older inventory; confirm current stock and choose type.
Prior orders,"Local Grocery Store Purchase Order: Spinach, Baking Soda, mini marshmallos, rice, dried beans,",Review,each,,From orders or older inventory; confirm current stock and choose type.
Prior orders,(rain/grass data),Review,each,,From orders or older inventory; confirm current stock and choose type.
Prior orders,Replace/add: Seed germination/fast plants under different “rainfall” conditions,Review,each,,From orders or older inventory; confirm current stock and choose type.
Prior orders,B.1 L5 (kinesthetic carrying capacity game),Review,each,,From orders or older inventory; confirm current stock and choose type.
Prior orders,Replace with: Duckweed population growth (Carolina 187000P) OR radish growth density lab,Review,each,,From orders or older inventory; confirm current stock and choose type.
Prior orders,B.2 L4 (photosynthesis modeling),Review,each,,From orders or older inventory; confirm current stock and choose type.
Prior orders,Replace with: Floating leaf disk photosynthesis lab,Review,each,,From orders or older inventory; confirm current stock and choose type.
Prior orders,Replace with: Germinate grass seeds vs wheat seed,Review,each,,From orders or older inventory; confirm current stock and choose type.
Prior orders,B.3 L? - How can we deliver a “gene” into the correct cells? Engineering? Could be time release…,Review,each,,From orders or older inventory; confirm current stock and choose type.
Prior orders,B.4 L4 (adaptation),Review,each,,From orders or older inventory; confirm current stock and choose type.
Prior orders,Replace with: Bird beak lab (tools + food types),Review,each,,From orders or older inventory; confirm current stock and choose type.
Prior orders,B.4 L6 (engineering solutions),Review,each,,From orders or older inventory; confirm current stock and choose type.
Prior orders,Replace/add: Wildlife crossing design challenge (models),Review,each,,From orders or older inventory; confirm current stock and choose type.
Prior orders,B.5 L1 (adaptations),Review,each,,From orders or older inventory; confirm current stock and choose type.
Prior orders,Replace/add: Insulation / heat loss lab (fur vs no fur) Infrared Cameras or just temp,Review,each,,From orders or older inventory; confirm current stock and choose type.
Prior orders,DAWEI Professional Vet Ultrasound,Review,each,,From orders or older inventory; confirm current stock and choose type.
Prior orders,Advanced Dissection Kit,Review,each,,From orders or older inventory; confirm current stock and choose type.
Prior orders,Pulse Oximeter Blood Oxygen,Review,each,,From orders or older inventory; confirm current stock and choose type.
Prior orders,Dissecting Pan,Review,each,,From orders or older inventory; confirm current stock and choose type.
Prior orders,Pig Ovary,Review,each,,From orders or older inventory; confirm current stock and choose type.
Prior orders,Sheep Tongue,Review,each,,From orders or older inventory; confirm current stock and choose type.
Prior orders,Sheep Eye,Review,each,,From orders or older inventory; confirm current stock and choose type.
Prior orders,Beef Spinal Cord,Review,each,,From orders or older inventory; confirm current stock and choose type.
Prior orders,Pig Bladder,Review,each,,From orders or older inventory; confirm current stock and choose type.
Prior orders,Sheep Larynx,Review,each,,From orders or older inventory; confirm current stock and choose type.
Prior orders,Pig Pancreas,Review,each,,From orders or older inventory; confirm current stock and choose type.
Prior orders,Pig Spleen,Review,each,,From orders or older inventory; confirm current stock and choose type.
Prior orders,Sheep Brain,Review,each,,From orders or older inventory; confirm current stock and choose type.
Prior orders,Pig Heart in Pericardium,Review,each,,From orders or older inventory; confirm current stock and choose type.
Prior orders,Pig Kidney - Cut in Half,Review,each,,From orders or older inventory; confirm current stock and choose type.
Prior orders,Pig Testicle,Review,each,,From orders or older inventory; confirm current stock and choose type.
Prior orders,Pig Liver with Gallbladder,Review,each,,From orders or older inventory; confirm current stock and choose type.
Prior orders,"Pig Uterus with 3"" - 6"" Embryos",Review,each,,From orders or older inventory; confirm current stock and choose type.
Prior orders,Pig Stomach,Review,each,,From orders or older inventory; confirm current stock and choose type.
Prior orders,Sheep Knee Joint with Tendons,Review,each,,From orders or older inventory; confirm current stock and choose type.
Prior orders,Starch Digestion Lab,Review,each,,From orders or older inventory; confirm current stock and choose type.
Prior orders,Metabolism Lab,Review,each,,From orders or older inventory; confirm current stock and choose type.
Prior orders,Organically Grown,Review,each,,From orders or older inventory; confirm current stock and choose type.
Prior orders,Seed Refill,Review,each,,From orders or older inventory; confirm current stock and choose type.
Prior orders,Threshold pH,Review,each,,From orders or older inventory; confirm current stock and choose type.
Prior orders,Seed starter Kit,Review,each,,From orders or older inventory; confirm current stock and choose type.
Prior orders,pH Test Strips,Review,each,,From orders or older inventory; confirm current stock and choose type.
Prior orders,Seeds,Review,each,,From orders or older inventory; confirm current stock and choose type.
Prior orders,Plant Testing,Review,each,,From orders or older inventory; confirm current stock and choose type.
Prior orders,Fast Seed Strips,Review,each,,From orders or older inventory; confirm current stock and choose type.
Prior orders,PH Meter for Water Hydroponics,Review,each,,From orders or older inventory; confirm current stock and choose type.
Prior orders,Coevolution of Earth's Systems,Review,each,,From orders or older inventory; confirm current stock and choose type.
Prior orders,Crayfish Dissection BioKit,Review,each,,From orders or older inventory; confirm current stock and choose type.
Prior orders,Modeling the Hydrosphere,Review,each,,From orders or older inventory; confirm current stock and choose type.
Prior orders,Mussel Dissection BioKit,Review,each,,From orders or older inventory; confirm current stock and choose type.
Prior orders,Perch Dissection BioKit,Review,each,,From orders or older inventory; confirm current stock and choose type.
Prior orders,"Sea Shell, Assortment Item #: 261786",Review,each,,From orders or older inventory; confirm current stock and choose type.
Prior orders,Shark Dissection BioKit,Review,each,,From orders or older inventory; confirm current stock and choose type.
Prior orders,Squid Dissection BioKit,Review,each,,From orders or older inventory; confirm current stock and choose type.
Prior orders,Starfish Dissection BioKit,Review,each,,From orders or older inventory; confirm current stock and choose type.
Prior orders,"24"" x 32"" graph Chart paper (1"" grid)",Review,each,,From orders or older inventory; confirm current stock and choose type.
Prior orders,3x3 sticky notes,Review,each,,From orders or older inventory; confirm current stock and choose type.
Prior orders,Aluminum pan (6x3x2),Review,each,,From orders or older inventory; confirm current stock and choose type.
Prior orders,"Battery, 1.5 volt",Review,each,,From orders or older inventory; confirm current stock and choose type.
Prior orders,black construction paper,Review,each,,From orders or older inventory; confirm current stock and choose type.
Prior orders,clear (scotch) tape roll,Review,each,,From orders or older inventory; confirm current stock and choose type.
Prior orders,"Clear plastic cup, 20 oz",Review,each,,From orders or older inventory; confirm current stock and choose type.
Prior orders,clear sandwich bag,Review,each,,From orders or older inventory; confirm current stock and choose type.
Prior orders,cloudy cellophane tape,Review,each,,From orders or older inventory; confirm current stock and choose type.
Prior orders,"Copper foil, 0.003x4x7""",Review,each,,From orders or older inventory; confirm current stock and choose type.
Prior orders,"Cotton ball, 100% cotton",Review,each,,From orders or older inventory; confirm current stock and choose type.
Prior orders,Electrical tape,Review,each,,From orders or older inventory; confirm current stock and choose type.
Prior orders,Ethanol,Review,each,,From orders or older inventory; confirm current stock and choose type.
Prior orders,fishing line,Review,each,,From orders or older inventory; confirm current stock and choose type.
Prior orders,gallon jug,Review,each,,From orders or older inventory; confirm current stock and choose type.
Prior orders,Marble chips,Review,each,,From orders or older inventory; confirm current stock and choose type.
Prior orders,"Dry erase marker, fine point",Review,each,,From orders or older inventory; confirm current stock and choose type.
Prior orders,Carbonated water,Review,each,,From orders or older inventory; confirm current stock and choose type.
Prior orders,"Paper cup, 9 oz",Review,each,,From orders or older inventory; confirm current stock and choose type.
Prior orders,Rubbing (Isopropyl) Alcohol (91%),Review,each,,From orders or older inventory; confirm current stock and choose type.
Prior orders,"Small sticky dots (need two colors, preferably green and blue)",Review,each,,From orders or older inventory; confirm current stock and choose type.
Prior orders,Sticky tack,Review,each,,From orders or older inventory; confirm current stock and choose type.
Prior orders,"Styrofoam cups with lids, 8 oz",Review,each,,From orders or older inventory; confirm current stock and choose type.
Prior orders,Thick String or Cord,Review,each,,From orders or older inventory; confirm current stock and choose type.
Prior orders,Vegetable Oil,Review,each,,From orders or older inventory; confirm current stock and choose type.
Prior orders,weighing paper,Review,each,,From orders or older inventory; confirm current stock and choose type.
Prior orders,white construction paper,Review,each,,From orders or older inventory; confirm current stock and choose type.
Prior orders,small paper clips,Review,each,,From orders or older inventory; confirm current stock and choose type.
Prior orders,disposable plastic pipette,Review,each,,From orders or older inventory; confirm current stock and choose type.
Prior orders,Filter paper,Review,each,,From orders or older inventory; confirm current stock and choose type.
Prior orders,"1M Hydrochloric acid, HCl",Review,each,,From orders or older inventory; confirm current stock and choose type.
Prior orders,"3M Acetic acid, HC2H3O2",Review,each,,From orders or older inventory; confirm current stock and choose type.
Prior orders,"3M Ammonium hydroxide, NH4OH",Review,each,,From orders or older inventory; confirm current stock and choose type.
Prior orders,"3M Hydrochloric acid, HCl",Review,each,,From orders or older inventory; confirm current stock and choose type.
Prior orders,"3M Sulfuric acid, H2SO4",Review,each,,From orders or older inventory; confirm current stock and choose type.
Prior orders,citric acid monohydrate,Review,each,,From orders or older inventory; confirm current stock and choose type.
Prior orders,"Oxalic acid, H2C2O4",Review,each,,From orders or older inventory; confirm current stock and choose type.
Prior orders,Potassium chloride,Review,each,,From orders or older inventory; confirm current stock and choose type.
Prior orders,"Potassium hydroxide, KOH",Review,each,,From orders or older inventory; confirm current stock and choose type.
Prior orders,"Sodium carbonate, Na2CO3",Review,each,,From orders or older inventory; confirm current stock and choose type.
Prior orders,Sodium citrate dihydrate,Review,each,,From orders or older inventory; confirm current stock and choose type.
Prior orders,"Sodium hydroxide, NaOH",Review,each,,From orders or older inventory; confirm current stock and choose type.
Prior orders,APES 14-lab kit,Review,each,,From orders or older inventory; confirm current stock and choose type.
Prior orders,balloons (100) colorful,Review,each,,From orders or older inventory; confirm current stock and choose type.
Prior orders,duct tape,Review,each,,From orders or older inventory; confirm current stock and choose type.
Prior orders,Cotton Balls,Review,each,,From orders or older inventory; confirm current stock and choose type.
Prior orders,Ziplocs - Snack Size,Review,each,,From orders or older inventory; confirm current stock and choose type.
Prior orders,Thumb Tacks,Review,each,,From orders or older inventory; confirm current stock and choose type.
Prior orders,Paper Clips,Review,each,,From orders or older inventory; confirm current stock and choose type.
Prior orders,Straws,Review,each,,From orders or older inventory; confirm current stock and choose type.
Prior orders,Tokens,Review,each,,From orders or older inventory; confirm current stock and choose type.
Prior orders,Alcohol Burners,Review,each,,From orders or older inventory; confirm current stock and choose type.
Prior orders,Tealight Candles,Review,each,,From orders or older inventory; confirm current stock and choose type.
Prior orders,Marbles,Review,each,,From orders or older inventory; confirm current stock and choose type.
Prior orders,Oil Burner,Review,each,,From orders or older inventory; confirm current stock and choose type.
Prior orders,pH Strips,Review,each,,From orders or older inventory; confirm current stock and choose type.
Prior orders,Magnets,Review,each,,From orders or older inventory; confirm current stock and choose type.
Prior orders,Sponges,Review,each,,From orders or older inventory; confirm current stock and choose type.
Prior orders,Calcium Chloride - 500 g,Review,each,,From orders or older inventory; confirm current stock and choose type.
Prior orders,Calcium Chloride Solution - 500 g,Review,each,,From orders or older inventory; confirm current stock and choose type.
Prior orders,Citric Acid,Review,each,,From orders or older inventory; confirm current stock and choose type.
Prior orders,Graduated Cylinders,Review,each,,From orders or older inventory; confirm current stock and choose type.
Prior orders,Ethyl Alcohol,Review,each,,From orders or older inventory; confirm current stock and choose type.
Prior orders,6% Hydrogen Peroxide,Review,each,,From orders or older inventory; confirm current stock and choose type.
Prior orders,Iron Filings,Review,each,,From orders or older inventory; confirm current stock and choose type.
Prior orders,Iron Chloride,Review,each,,From orders or older inventory; confirm current stock and choose type.
Prior orders,Lead Nitrate,Review,each,,From orders or older inventory; confirm current stock and choose type.
Prior orders,Manganese Oxide,Review,each,,From orders or older inventory; confirm current stock and choose type.
Prior orders,Phenol Red - 100 mL,Review,each,,From orders or older inventory; confirm current stock and choose type.
Prior orders,Potassium Iodide,Review,each,,From orders or older inventory; confirm current stock and choose type.
Prior orders,Potassium thiocyanate,Review,each,,From orders or older inventory; confirm current stock and choose type.
Prior orders,Biofuels Kit,Review,each,,From orders or older inventory; confirm current stock and choose type.
Prior orders,Silver Nitrate,Review,each,,From orders or older inventory; confirm current stock and choose type.
Prior orders,Sodium Bicarbonate - 500 g,Review,each,,From orders or older inventory; confirm current stock and choose type.
Prior orders,Sodium Carbonate,Review,each,,From orders or older inventory; confirm current stock and choose type.
Prior orders,Sodium Chloride,Review,each,,From orders or older inventory; confirm current stock and choose type.
Prior orders,Soodium Chloride Solution,Review,each,,From orders or older inventory; confirm current stock and choose type.
Prior orders,Test Tube Rack,Review,each,,From orders or older inventory; confirm current stock and choose type.
Prior orders,Keep-it Kit™: Preserve and collect your experiments results,Review,each,,From orders or older inventory; confirm current stock and choose type.
Prior orders,Super Taster Test Kit,Review,each,,From orders or older inventory; confirm current stock and choose type.
Prior orders,BIOZONE AP Biology - Student Edition,Review,each,,From orders or older inventory; confirm current stock and choose type.
Prior orders,Carolina® Volumeter/Respirometer,Review,each,,From orders or older inventory; confirm current stock and choose type.
Prior orders,Let it Glow™ Bacterial Transformation MiniLab (M6300),Review,each,,From orders or older inventory; confirm current stock and choose type.
Prior orders,Taking Macromolecules to Micro! (M3014),Review,each,,From orders or older inventory; confirm current stock and choose type.
Prior orders,Trash Bags,Review,each,,From orders or older inventory; confirm current stock and choose type.
Prior orders,Beans,Review,each,,From orders or older inventory; confirm current stock and choose type.
Prior orders,pipe cleaners,Review,each,,From orders or older inventory; confirm current stock and choose type.
Prior orders,Flour,Review,each,,From orders or older inventory; confirm current stock and choose type.
Prior orders,Yeast-extract Dextrose Medium,Review,each,,From orders or older inventory; confirm current stock and choose type.
Prior orders,Syringes,Review,each,,From orders or older inventory; confirm current stock and choose type.
Prior orders,Hole Punches,Review,each,,From orders or older inventory; confirm current stock and choose type.
Prior orders,Black Beans,Review,each,,From orders or older inventory; confirm current stock and choose type.
Prior orders,Kidney Beans,Review,each,,From orders or older inventory; confirm current stock and choose type.
Prior orders,Plastic Silverware,Review,each,,From orders or older inventory; confirm current stock and choose type.
Prior orders,Chopsticks,Review,each,,From orders or older inventory; confirm current stock and choose type.
Prior orders,Quinoa,Review,each,,From orders or older inventory; confirm current stock and choose type.
Prior orders,White Rice,Review,each,,From orders or older inventory; confirm current stock and choose type.
Prior orders,Artificial Turf,Review,each,,From orders or older inventory; confirm current stock and choose type.
Prior orders,Disinfecting Bleach Cleaners,Review,each,,From orders or older inventory; confirm current stock and choose type.
Prior orders,6x8 sticky notes,Review,each,,From orders or older inventory; confirm current stock and choose type.
Prior orders,windex,Review,each,,From orders or older inventory; confirm current stock and choose type.
Prior orders,"UV-sensitive yeast (Saccharomyces cerevisiae, G948-1C/U, alpha, rad1 rad18 phr1 ura3 mutant in excision repair)",Review,each,,From orders or older inventory; confirm current stock and choose type.
Prior orders,Wild Type Yeast,Review,each,,From orders or older inventory; confirm current stock and choose type.
Prior orders,Paper Towels,Review,each,,From orders or older inventory; confirm current stock and choose type.
Prior orders,Composition Book (2000),Review,each,,From orders or older inventory; confirm current stock and choose type.
Prior orders,sheet covers (500),Review,each,,From orders or older inventory; confirm current stock and choose type.
Prior orders,4 pack file sized storage containers,Review,each,,From orders or older inventory; confirm current stock and choose type.
Prior orders,6 quart (12 pk) plastic shoeboxes,Review,each,,From orders or older inventory; confirm current stock and choose type.
Prior orders,13 quart (6 pk) latching container,Review,each,,From orders or older inventory; confirm current stock and choose type.
Prior orders,highlighters,Review,each,,From orders or older inventory; confirm current stock and choose type.
Prior orders,4 oz spice jars (66),Review,each,,From orders or older inventory; confirm current stock and choose type.
Prior orders,gallon clear glue,Review,each,,From orders or older inventory; confirm current stock and choose type.
Prior orders,Neon dry erase,Review,each,,From orders or older inventory; confirm current stock and choose type.
Prior orders,table set dry erase,Review,each,,From orders or older inventory; confirm current stock and choose type.
Prior orders,staplers (6pk),Review,each,,From orders or older inventory; confirm current stock and choose type.
Prior orders,Poster Markers (pk of 8),Review,each,,From orders or older inventory; confirm current stock and choose type.
Prior orders,green mini binder clips (30),Review,each,,From orders or older inventory; confirm current stock and choose type.
Prior orders,file folders-6 colors,Review,each,,From orders or older inventory; confirm current stock and choose type.
Prior orders,Notecards color,Review,each,,From orders or older inventory; confirm current stock and choose type.
Prior orders,Notecards,Review,each,,From orders or older inventory; confirm current stock and choose type.
Prior orders,Chalk Marker,Review,each,,From orders or older inventory; confirm current stock and choose type.
Prior orders,Dry Erase,Review,each,,From orders or older inventory; confirm current stock and choose type.
Prior orders,Casters,Review,each,,From orders or older inventory; confirm current stock and choose type.
Prior orders,"Body Modeling Clay Terracotta, 4.5 Pounds",Review,each,,From orders or older inventory; confirm current stock and choose type.
Prior orders,Colored Painters Tape,Review,each,,From orders or older inventory; confirm current stock and choose type.
Prior orders,"Felt Fabric Sheet 4""x4"" Assorted Color",Review,each,,From orders or older inventory; confirm current stock and choose type.
Prior orders,Tissue Paper Squares,Review,each,,From orders or older inventory; confirm current stock and choose type.
Prior orders,Blood Glucose Kit,Review,each,,From orders or older inventory; confirm current stock and choose type.
Prior orders,Blood Hematocrit Kit,Review,each,,From orders or older inventory; confirm current stock and choose type.
Prior orders,Blood Typing Kit,Review,each,,From orders or older inventory; confirm current stock and choose type.
Prior orders,Carolina Peripheral Blood Flow Kit,Review,each,,From orders or older inventory; confirm current stock and choose type.
Prior orders,16.9 oz plastic water bottles,Review,each,,From orders or older inventory; confirm current stock and choose type.
Prior orders,Clear container or bag,Review,each,,From orders or older inventory; confirm current stock and choose type.
Prior orders,dividers,Review,each,,From orders or older inventory; confirm current stock and choose type.
Prior orders,dot stickers,Review,each,,From orders or older inventory; confirm current stock and choose type.
Prior orders,empty gallon container with lid,Review,each,,From orders or older inventory; confirm current stock and choose type.
Prior orders,"ELEGOO Matte PLA Filament Navy Blue 1KG, 1.75mm 3D Printer Filament Dimensional Accuracy +/- 0.02mm, 1kg Carboard Spool",Review,each,,From orders or older inventory; confirm current stock and choose type.
Prior orders,"OVERTURE PLA Plus (PLA+) Filament 1.75mm, Stronger & More Durable, Professional Toughness 3D Printer Filament 1kg",Review,each,,From orders or older inventory; confirm current stock and choose type.
Prior orders,Prusa Specific Heater Cartridge 24V 40W (MK3) (PRUSA-HEATER-24V-40W),Review,each,,From orders or older inventory; confirm current stock and choose type.
Prior orders,Ice Machine,Review,each,,From orders or older inventory; confirm current stock and choose type.
Prior orders,Water Distiller,Review,each,,From orders or older inventory; confirm current stock and choose type.
Prior orders,Meter/yard sticks,Review,each,,From orders or older inventory; confirm current stock and choose type.
Prior orders,Sodium Bisulfite,Review,each,,From orders or older inventory; confirm current stock and choose type.
Prior orders,Potassium Bisulfate,Review,each,,From orders or older inventory; confirm current stock and choose type.
Prior orders,Sodium Bisulfate,Review,each,,From orders or older inventory; confirm current stock and choose type.
Prior orders,Potassium Bitartate,Review,each,,From orders or older inventory; confirm current stock and choose type.
Prior orders,Sodium Acetate,Review,each,,From orders or older inventory; confirm current stock and choose type.
Prior orders,Copper (II) Chloride,Review,each,,From orders or older inventory; confirm current stock and choose type.
Prior orders,Iron (III) Nitrate,Review,each,,From orders or older inventory; confirm current stock and choose type.
Prior orders,Sodium Phosphate Tribase,Review,each,,From orders or older inventory; confirm current stock and choose type.
Prior orders,Ammonium Acetate,Review,each,,From orders or older inventory; confirm current stock and choose type.
Prior orders,Ammonium Chloride,Review,each,,From orders or older inventory; confirm current stock and choose type.
Prior orders,Ammonium Hydroxide,Review,each,,From orders or older inventory; confirm current stock and choose type.
Prior orders,Cupric Acetate,Review,each,,From orders or older inventory; confirm current stock and choose type.
Prior orders,Aluminum Potassium Sulfate,Review,each,,From orders or older inventory; confirm current stock and choose type.
Prior orders,Potassium Permanganate,Review,each,,From orders or older inventory; confirm current stock and choose type.
Prior orders,Magnesium Bromide,Review,each,,From orders or older inventory; confirm current stock and choose type.
Prior orders,Copper (II) Nitrate,Review,each,,From orders or older inventory; confirm current stock and choose type.
Prior orders,Copper (II) Sulfate,Review,each,,From orders or older inventory; confirm current stock and choose type.
Prior orders,Barium Chloride,Review,each,,From orders or older inventory; confirm current stock and choose type.
Prior orders,Barium Hydroxide,Review,each,,From orders or older inventory; confirm current stock and choose type.
Prior orders,Ammonium Sulfate,Review,each,,From orders or older inventory; confirm current stock and choose type.
Prior orders,Tin (II) Chloride,Review,each,,From orders or older inventory; confirm current stock and choose type.
Prior orders,Potassium Bromide,Review,each,,From orders or older inventory; confirm current stock and choose type.
Prior orders,Strontium Chloride,Review,each,,From orders or older inventory; confirm current stock and choose type.
Prior orders,Zinc Acetate,Review,each,,From orders or older inventory; confirm current stock and choose type.
Prior orders,Sodium Sulfite,Review,each,,From orders or older inventory; confirm current stock and choose type.
Prior orders,Cuprous Chloride,Review,each,,From orders or older inventory; confirm current stock and choose type.
Prior orders,Ferric Chloride,Review,each,,From orders or older inventory; confirm current stock and choose type.
Prior orders,Potassium Phosphate,Review,each,,From orders or older inventory; confirm current stock and choose type.
Prior orders,Sodium Phosphate,Review,each,,From orders or older inventory; confirm current stock and choose type.
Prior orders,Ammonium Oxalate,Review,each,,From orders or older inventory; confirm current stock and choose type.
Prior orders,Fluorescent Solution,Review,each,,From orders or older inventory; confirm current stock and choose type.
Prior orders,Graphite powder,Review,each,,From orders or older inventory; confirm current stock and choose type.
Prior orders,Glycine granular,Review,each,,From orders or older inventory; confirm current stock and choose type.
Prior orders,Dextrose powder,Review,each,,From orders or older inventory; confirm current stock and choose type.
Prior orders,Iron (III) Oxide,Review,each,,From orders or older inventory; confirm current stock and choose type.
Prior orders,Paraffin Wax,Review,each,,From orders or older inventory; confirm current stock and choose type.
Prior orders,Calcium Carbonate,Review,each,,From orders or older inventory; confirm current stock and choose type.
Prior orders,Iron metal powder,Review,each,,From orders or older inventory; confirm current stock and choose type.
Prior orders,Zinc metal granular,Review,each,,From orders or older inventory; confirm current stock and choose type.
Prior orders,Aluminum metal granular,Review,each,,From orders or older inventory; confirm current stock and choose type.
Prior orders,FD&C Yellow 6,Review,each,,From orders or older inventory; confirm current stock and choose type.
Prior orders,FD&C Green 3,Review,each,,From orders or older inventory; confirm current stock and choose type.
Prior orders,FD&C Red 40,Review,each,,From orders or older inventory; confirm current stock and choose type.
Prior orders,FD&C Blue 1,Review,each,,From orders or older inventory; confirm current stock and choose type.
Prior orders,FD&C Red 3,Review,each,,From orders or older inventory; confirm current stock and choose type.
Prior orders,FD&C Blue 2,Review,each,,From orders or older inventory; confirm current stock and choose type.
Prior orders,FD&C Yellow 5,Review,each,,From orders or older inventory; confirm current stock and choose type.
Prior orders,FD&C Red 40 stock solution,Review,each,,From orders or older inventory; confirm current stock and choose type.
Prior orders,FD&C Blue 1 stock solution,Review,each,,From orders or older inventory; confirm current stock and choose type.
Prior orders,FD&C Yellow 5 stock solution,Review,each,,From orders or older inventory; confirm current stock and choose type.
Prior orders,Azurite bag,Review,each,,From orders or older inventory; confirm current stock and choose type.
Prior orders,bag of nails,Review,each,,From orders or older inventory; confirm current stock and choose type.
Prior orders,Hydrogen peroxide 3% solution,Review,each,,From orders or older inventory; confirm current stock and choose type.
Prior orders,Iron (III) Chloride solution,Review,each,,From orders or older inventory; confirm current stock and choose type.
Prior orders,Barium Chloride solution,Review,each,,From orders or older inventory; confirm current stock and choose type.
Prior orders,Potassium Phosphate solution,Review,each,,From orders or older inventory; confirm current stock and choose type.
Prior orders,Potassium Thiocyanate solution,Review,each,,From orders or older inventory; confirm current stock and choose type.
Prior orders,Silver Nitrate solution,Review,each,,From orders or older inventory; confirm current stock and choose type.
Prior orders,Sodium Chloride solution,Review,each,,From orders or older inventory; confirm current stock and choose type.
Prior orders,Sodium Hydroxide 0.1M solution,Review,each,,From orders or older inventory; confirm current stock and choose type.
Prior orders,Cotton Q-tips bag,Review,each,,From orders or older inventory; confirm current stock and choose type.
Prior orders,Filter paper bag,Review,each,,From orders or older inventory; confirm current stock and choose type.
Prior orders,Chromatography paper strips,Review,each,,From orders or older inventory; confirm current stock and choose type.
Prior orders,Petri dishes - small,Review,each,,From orders or older inventory; confirm current stock and choose type.
Prior orders,Pipettes - bag,Review,each,,From orders or older inventory; confirm current stock and choose type.
Prior orders,Sterile 3mL syringes - bag,Review,each,,From orders or older inventory; confirm current stock and choose type.
Prior orders,Centrifuge router test tube adapter,Review,each,,From orders or older inventory; confirm current stock and choose type.
Prior orders,Petri Dish,Review,each,,From orders or older inventory; confirm current stock and choose type.
Prior orders,Tilted test tube rack,Review,each,,From orders or older inventory; confirm current stock and choose type.
Prior orders,Glass Test Tubes,Review,each,,From orders or older inventory; confirm current stock and choose type.
Prior orders,Test Tube Cleaner Brush,Review,each,,From orders or older inventory; confirm current stock and choose type.
Prior orders,Lighters,Review,each,,From orders or older inventory; confirm current stock and choose type.
Prior orders,Plastic Pipette,Review,each,,From orders or older inventory; confirm current stock and choose type.
Prior orders,Glass Breaker,Review,each,,From orders or older inventory; confirm current stock and choose type.
Prior orders,Glass Erlenmeyer Flask,Review,each,,From orders or older inventory; confirm current stock and choose type.
Prior orders,Plastic Graduated Cylander,Review,each,,From orders or older inventory; confirm current stock and choose type.
Prior orders,Glass Graduated Cylander,Review,each,,From orders or older inventory; confirm current stock and choose type.
Prior orders,Laboratory Serrated Nozzle,Review,each,,From orders or older inventory; confirm current stock and choose type.
Prior orders,Speakers,Review,each,,From orders or older inventory; confirm current stock and choose type.
Prior orders,Latex Free gloves,Review,each,,From orders or older inventory; confirm current stock and choose type.
Prior orders,Computer Based Laboratory syatem,Review,each,,From orders or older inventory; confirm current stock and choose type.
Prior orders,PASPORT Science Workshop,Review,each,,From orders or older inventory; confirm current stock and choose type.
Prior orders,Plastic Test Tube Rack,Review,each,,From orders or older inventory; confirm current stock and choose type.
Prior orders,Plastic Wells,Review,each,,From orders or older inventory; confirm current stock and choose type.
Prior orders,Dustpan/Brush,Review,each,,From orders or older inventory; confirm current stock and choose type.
Prior orders,Lab Aprons,Review,each,,From orders or older inventory; confirm current stock and choose type.
Prior orders,DVD/VCR Player,Review,each,,From orders or older inventory; confirm current stock and choose type.
Prior orders,Table Leg Ends,Review,each,,From orders or older inventory; confirm current stock and choose type.
Prior orders,Triple Beam Balance,Review,each,,From orders or older inventory; confirm current stock and choose type.
Prior orders,Glass Disposal Container,Review,each,,From orders or older inventory; confirm current stock and choose type.
Prior orders,Easels,Review,each,,From orders or older inventory; confirm current stock and choose type.
Prior orders,Foil Tin Trays,Review,each,,From orders or older inventory; confirm current stock and choose type.
Prior orders,Metal Lab Trays,Review,each,,From orders or older inventory; confirm current stock and choose type.
Prior orders,Matches,Review,each,,From orders or older inventory; confirm current stock and choose type.
Prior orders,Wax Paper Roll,Review,each,,From orders or older inventory; confirm current stock and choose type.
Prior orders,Clear Plastic Containers,Review,each,,From orders or older inventory; confirm current stock and choose type.
Prior orders,Popcprn Machine,Review,each,,From orders or older inventory; confirm current stock and choose type.
Prior orders,Desktop Speaker,Review,each,,From orders or older inventory; confirm current stock and choose type.
Prior orders,Incandescent Lights,Review,each,,From orders or older inventory; confirm current stock and choose type.
Prior orders,Incandescent Light Fixtures,Review,each,,From orders or older inventory; confirm current stock and choose type.
Prior orders,Molecular Model Kits,Review,each,,From orders or older inventory; confirm current stock and choose type.
Prior orders,Refraction Glasses,Review,each,,From orders or older inventory; confirm current stock and choose type.
Prior orders,Solar Glasses,Review,each,,From orders or older inventory; confirm current stock and choose type.
Prior orders,Lamenated Periodic Tables,Review,each,,From orders or older inventory; confirm current stock and choose type.
Prior orders,Dial-O-Gram Balance,Review,each,,From orders or older inventory; confirm current stock and choose type.
Prior orders,Chromatography Jars,Review,each,,From orders or older inventory; confirm current stock and choose type.
Prior orders,100 mL Graduated Cylinders,Review,each,,From orders or older inventory; confirm current stock and choose type.
Prior orders,50 mL Graduated Cyclinders,Review,each,,From orders or older inventory; confirm current stock and choose type.
Prior orders,25 mL Graduated Cylinder,Review,each,,From orders or older inventory; confirm current stock and choose type.
Prior orders,Trays,Review,each,,From orders or older inventory; confirm current stock and choose type.
Prior orders,4 L Beaker,Review,each,,From orders or older inventory; confirm current stock and choose type.
Prior orders,600 mL Beaker,Review,each,,From orders or older inventory; confirm current stock and choose type.
Prior orders,1 L Beaker,Review,each,,From orders or older inventory; confirm current stock and choose type.
Prior orders,Electronic Scales,Review,each,,From orders or older inventory; confirm current stock and choose type.
Prior orders,O Rings,Review,each,,From orders or older inventory; confirm current stock and choose type.
Prior orders,Temperature Probes,Review,each,,From orders or older inventory; confirm current stock and choose type.
Prior orders,Cart,Review,each,,From orders or older inventory; confirm current stock and choose type.
Prior orders,Protective Glasses,Review,each,,From orders or older inventory; confirm current stock and choose type.
Prior orders,Meter Sticks,Review,each,,From orders or older inventory; confirm current stock and choose type.
Prior orders,Ear Buds,Review,each,,From orders or older inventory; confirm current stock and choose type.
Prior orders,Alcohol Lamp w/ Wick,Review,each,,From orders or older inventory; confirm current stock and choose type.
Prior orders,Specimen Jars?,Review,each,,From orders or older inventory; confirm current stock and choose type.
Prior orders,Funnel,Review,each,,From orders or older inventory; confirm current stock and choose type.
Prior orders,Test Tubes,Review,each,,From orders or older inventory; confirm current stock and choose type.
Prior orders,Tongs,Review,each,,From orders or older inventory; confirm current stock and choose type.
Prior orders,100 mL glass graduated cylinder,Review,each,,From orders or older inventory; confirm current stock and choose type.
Prior orders,50 mL plastic graduated cylinder,Review,each,,From orders or older inventory; confirm current stock and choose type.
Prior orders,50 mL glass graduated cylinder,Review,each,,From orders or older inventory; confirm current stock and choose type.
Prior orders,10 mL glass graduated cylinder,Review,each,,From orders or older inventory; confirm current stock and choose type.
Prior orders,10 mL plastic graduated cylinder,Review,each,,From orders or older inventory; confirm current stock and choose type.
Prior orders,"1,000 mL Erlenmeyer flask",Review,each,,From orders or older inventory; confirm current stock and choose type.
Prior orders,"2,000 mL filter flask",Review,each,,From orders or older inventory; confirm current stock and choose type.
Prior orders,"1,000 mL volumetric flask",Review,each,,From orders or older inventory; confirm current stock and choose type.
Prior orders,Ceramic Buchner funnel,Review,each,,From orders or older inventory; confirm current stock and choose type.
Prior orders,Glass funnel - long stem,Review,each,,From orders or older inventory; confirm current stock and choose type.
Prior orders,Glass funnel - short stem,Review,each,,From orders or older inventory; confirm current stock and choose type.
Prior orders,60 mL evaporating dish,Review,each,,From orders or older inventory; confirm current stock and choose type.
Prior orders,100 mL evaporating dish,Review,each,,From orders or older inventory; confirm current stock and choose type.
Prior orders,"2,000 mL Borosilicate beaker",Review,each,,From orders or older inventory; confirm current stock and choose type.
Prior orders,400 mL beaker,Review,each,,From orders or older inventory; confirm current stock and choose type.
Prior orders,125 mL beaker,Review,each,,From orders or older inventory; confirm current stock and choose type.
Prior orders,Clinaseal Sealed Technology Centrifuge,Review,each,,From orders or older inventory; confirm current stock and choose type.
Prior orders,Culture Tubes,Review,each,,From orders or older inventory; confirm current stock and choose type.
Prior orders,YPD Broth,Review,each,,From orders or older inventory; confirm current stock and choose type.
Prior orders,Sterile DI Water 20ml,Review,each,,From orders or older inventory; confirm current stock and choose type.
Prior orders,Cotton Tipped Wood Applicators,Review,each,,From orders or older inventory; confirm current stock and choose type.
Prior orders,Mini Centrifuge,Review,each,,From orders or older inventory; confirm current stock and choose type.
Prior orders,Various Consumable Plastic Cups,Review,each,,From orders or older inventory; confirm current stock and choose type.
Prior orders,Airlink Interface,Review,each,,From orders or older inventory; confirm current stock and choose type.
Prior orders,Wireless pH Sensor,Review,each,,From orders or older inventory; confirm current stock and choose type.
Prior orders,Disposible Micro Pipette Tips,Review,each,,From orders or older inventory; confirm current stock and choose type.
Prior orders,Electrophoresis,Review,each,,From orders or older inventory; confirm current stock and choose type.
Prior orders,White Light Illuminator,Review,each,,From orders or older inventory; confirm current stock and choose type.
Prior orders,Porta-Trace White Light,Review,each,,From orders or older inventory; confirm current stock and choose type.
Prior orders,UV-C light,Review,each,,From orders or older inventory; confirm current stock and choose type.
Prior orders,Light Illuminator,Review,each,,From orders or older inventory; confirm current stock and choose type.
Prior orders,Science Bath/ThermBath,Review,each,,From orders or older inventory; confirm current stock and choose type.
Prior orders,Luria Broth,Review,each,,From orders or older inventory; confirm current stock and choose type.
Prior orders,Fruit Fly Behavior Kit,Review,each,,From orders or older inventory; confirm current stock and choose type.
Prior orders,ChemKits: Molecular Modeling,Review,each,,From orders or older inventory; confirm current stock and choose type.
Prior orders,Round Base With Rod,Review,each,,From orders or older inventory; confirm current stock and choose type.
Prior orders,Manipulative Model Mitosis & Meiosis,Review,each,,From orders or older inventory; confirm current stock and choose type.
Prior orders,Dry Erase Blocks,Review,each,,From orders or older inventory; confirm current stock and choose type.
Prior orders,Pill Bottles,Review,each,,From orders or older inventory; confirm current stock and choose type.
Prior orders,ChemPlates,Review,each,,From orders or older inventory; confirm current stock and choose type.
Prior orders,Empty Pill Bottles,Review,each,,From orders or older inventory; confirm current stock and choose type.
Prior orders,Cal Mag 2-0-0 Supplement,Review,each,,From orders or older inventory; confirm current stock and choose type.
Prior orders,Clay Pebbles,Review,each,,From orders or older inventory; confirm current stock and choose type.
Prior orders,Plastic Perscription Vials With Snap Caps,Review,each,,From orders or older inventory; confirm current stock and choose type.
Prior orders,Choice Chambers,Review,each,,From orders or older inventory; confirm current stock and choose type.
Prior orders,Drosophila Vial Set,Review,each,,From orders or older inventory; confirm current stock and choose type.
Prior orders,Drosophila Vials,Review,each,,From orders or older inventory; confirm current stock and choose type.
Prior orders,Cascade Power Filter 20,Review,each,,From orders or older inventory; confirm current stock and choose type.
Prior orders,Qualitative Filter Paper,Review,each,,From orders or older inventory; confirm current stock and choose type.
Prior orders,Sterile Cotton Tipped Applicators,Review,each,,From orders or older inventory; confirm current stock and choose type.
Prior orders,Calcium Chloride Solution,Review,each,,From orders or older inventory; confirm current stock and choose type.
Prior orders,Sodium Alginate,Review,each,,From orders or older inventory; confirm current stock and choose type.
Prior orders,Bristols Algae Media Concentrate 100X,Review,each,,From orders or older inventory; confirm current stock and choose type.
Prior orders,Agar,Review,each,,From orders or older inventory; confirm current stock and choose type.
Prior orders,Bromthymol Blue Indicator Solution,Review,each,,From orders or older inventory; confirm current stock and choose type.
Prior orders,Perlite,Review,each,,From orders or older inventory; confirm current stock and choose type.
Prior orders,Potting Soil,Review,each,,From orders or older inventory; confirm current stock and choose type.
Prior orders,Flinn Mealworm Diet,Review,each,,From orders or older inventory; confirm current stock and choose type.
Prior orders,Course Stone Granules,Review,each,,From orders or older inventory; confirm current stock and choose type.
Prior orders,Universal Indicator Paper,Review,each,,From orders or older inventory; confirm current stock and choose type.
Prior orders,Seed Starting Jiffy-Mix,Review,each,,From orders or older inventory; confirm current stock and choose type.
Prior orders,Sphagnum Peat Moss,Review,each,,From orders or older inventory; confirm current stock and choose type.
Prior orders,Indoor Plant Food,Review,each,,From orders or older inventory; confirm current stock and choose type.
Prior orders,Enternal Syringe,Review,each,,From orders or older inventory; confirm current stock and choose type.
Prior orders,Flower Pins,Review,each,,From orders or older inventory; confirm current stock and choose type.
Prior orders,"Cactus, Palm & Citrus Soil",Review,each,,From orders or older inventory; confirm current stock and choose type.
Prior orders,Cotta Clay Pot,Review,each,,From orders or older inventory; confirm current stock and choose type.
Prior orders,Planter Nursery Pots,Review,each,,From orders or older inventory; confirm current stock and choose type.
Prior orders,Round Plastic Pot,Review,each,,From orders or older inventory; confirm current stock and choose type.
Prior orders,"""Plant Growth Game""",Review,each,,From orders or older inventory; confirm current stock and choose type.
Prior orders,Pasport Optical Do,Review,each,,From orders or older inventory; confirm current stock and choose type.
Prior orders,Pasport Optical Oxygen Gas Sensor,Review,each,,From orders or older inventory; confirm current stock and choose type.
Prior orders,Phosphate Buffer Solution (0.1M),Review,each,,From orders or older inventory; confirm current stock and choose type.
Prior orders,0.5M Sucrose Solution,Review,each,,From orders or older inventory; confirm current stock and choose type.
Prior orders,Syringe without Needle,Review,each,,From orders or older inventory; confirm current stock and choose type.
Prior orders,Chromateography Solvent 120mL,Review,each,,From orders or older inventory; confirm current stock and choose type.
Prior orders,"Potassium Hydroxide , 15%",Review,each,,From orders or older inventory; confirm current stock and choose type.
Prior orders,Mini Soda Bottles- Giant Test Tubes,Review,each,,From orders or older inventory; confirm current stock and choose type.
Prior orders,Silicone Aquarium Sealant,Review,each,,From orders or older inventory; confirm current stock and choose type.
Prior orders,Neutral Litmus Paper,Review,each,,From orders or older inventory; confirm current stock and choose type.
Prior orders,Lab Cart,Review,each,,From orders or older inventory; confirm current stock and choose type.
Prior orders,Microscope,Review,each,,From orders or older inventory; confirm current stock and choose type.
Prior orders,Digiscoping Adapter,Review,each,,From orders or older inventory; confirm current stock and choose type.
Prior orders,Electronic Scale,Review,each,,From orders or older inventory; confirm current stock and choose type.
Prior orders,Labortory Hot Plate,Review,each,,From orders or older inventory; confirm current stock and choose type.
Prior orders,MS7-H550-5,Review,each,,From orders or older inventory; confirm current stock and choose type.
Prior orders,Scale,Review,each,,From orders or older inventory; confirm current stock and choose type.
Prior orders,"Beakers, 20mL",Review,each,,From orders or older inventory; confirm current stock and choose type.
Prior orders,Student Beakers,Review,each,,From orders or older inventory; confirm current stock and choose type.
Prior orders,"Beakers, 250mL",Review,each,,From orders or older inventory; confirm current stock and choose type.
Prior orders,"Beakers, 400mL",Review,each,,From orders or older inventory; confirm current stock and choose type.
Prior orders,"Beakers, 50mL",Review,each,,From orders or older inventory; confirm current stock and choose type.
Prior orders,"Beakers, 100mL",Review,each,,From orders or older inventory; confirm current stock and choose type.
Prior orders,"Beaker, 150mL",Review,each,,From orders or older inventory; confirm current stock and choose type.
Prior orders,"Flask, 250mL",Review,each,,From orders or older inventory; confirm current stock and choose type.
Prior orders,"Flask, 125mL",Review,each,,From orders or older inventory; confirm current stock and choose type.
Prior orders,Student Flask,Review,each,,From orders or older inventory; confirm current stock and choose type.
Prior orders,Flask,Review,each,,From orders or older inventory; confirm current stock and choose type.
Prior orders,"Flask, 500mL",Review,each,,From orders or older inventory; confirm current stock and choose type.
Prior orders,"Beakers, 1000mL",Review,each,,From orders or older inventory; confirm current stock and choose type.
Prior orders,"Beakers, 600mL",Review,each,,From orders or older inventory; confirm current stock and choose type.
Prior orders,"Graduated Cylinder, 10mL",Review,each,,From orders or older inventory; confirm current stock and choose type.
Prior orders,"Graduated Cylinder, 25mL",Review,each,,From orders or older inventory; confirm current stock and choose type.
Prior orders,"Graduated Cylinder, 20mL",Review,each,,From orders or older inventory; confirm current stock and choose type.
Prior orders,"Graduated Cylinder, 100mL",Review,each,,From orders or older inventory; confirm current stock and choose type.
Prior orders,BOROSILICATE,Review,each,,From orders or older inventory; confirm current stock and choose type.
Prior orders,MyChron Timer,Review,each,,From orders or older inventory; confirm current stock and choose type.
Prior orders,Flint Striker,Review,each,,From orders or older inventory; confirm current stock and choose type.
Prior orders,Small Magnifying Glass,Review,each,,From orders or older inventory; confirm current stock and choose type.
Prior orders,Labratory Film,Review,each,,From orders or older inventory; confirm current stock and choose type.
Prior orders,Cut Resistant Gloves,Review,each,,From orders or older inventory; confirm current stock and choose type.
Prior orders,Transpiration Kit 8- Station Refill,Review,each,,From orders or older inventory; confirm current stock and choose type.
Prior orders,Pipette,Review,each,,From orders or older inventory; confirm current stock and choose type.
Prior orders,Pipette Pump,Review,each,,From orders or older inventory; confirm current stock and choose type.
Prior orders,Serological Pipet,Review,each,,From orders or older inventory; confirm current stock and choose type.
Prior orders,Programable Micro Pipettes,Review,each,,From orders or older inventory; confirm current stock and choose type.
Prior orders,Small Weight Boats,Review,each,,From orders or older inventory; confirm current stock and choose type.
Prior orders,Hot Hand Rubber Mitt,Review,each,,From orders or older inventory; confirm current stock and choose type.
Prior orders,Microscope Cover Glass,Review,each,,From orders or older inventory; confirm current stock and choose type.
Prior orders,Magnifying Glass,Review,each,,From orders or older inventory; confirm current stock and choose type.
Prior orders,Wireless Light,Review,each,,From orders or older inventory; confirm current stock and choose type.
Prior orders,Wireless Temperature,Review,each,,From orders or older inventory; confirm current stock and choose type.
Prior orders,USB Charging Station,Review,each,,From orders or older inventory; confirm current stock and choose type.
Prior orders,"Graduated Cylander, 10 mL",Review,each,,From orders or older inventory; confirm current stock and choose type.
Prior orders,"Graduated Cylander, 25 mL",Review,each,,From orders or older inventory; confirm current stock and choose type.
Prior orders,"Graduated Cylander, 50 mL",Review,each,,From orders or older inventory; confirm current stock and choose type.
Prior orders,"Graduated Cylander, 100 ml",Review,each,,From orders or older inventory; confirm current stock and choose type.
Prior orders,"Beaker, 15 mL",Review,each,,From orders or older inventory; confirm current stock and choose type.
Prior orders,"Beaker, 40 mL",Review,each,,From orders or older inventory; confirm current stock and choose type.
Prior orders,"Beaker, 80 mL",Review,each,,From orders or older inventory; confirm current stock and choose type.
Prior orders,"Beaker, 200 mL",Review,each,,From orders or older inventory; confirm current stock and choose type.
Prior orders,"Beaker, 300 mL",Review,each,,From orders or older inventory; confirm current stock and choose type.
Prior orders,"Beaker, 500 mL",Review,each,,From orders or older inventory; confirm current stock and choose type.
Prior orders,"Beaker, 1000 mL",Review,each,,From orders or older inventory; confirm current stock and choose type.
Prior orders,"Flask, 125 mL",Review,each,,From orders or older inventory; confirm current stock and choose type.
Prior orders,"Flask, 200 mL",Review,each,,From orders or older inventory; confirm current stock and choose type.
Prior orders,"Flask, 1000 mL",Review,each,,From orders or older inventory; confirm current stock and choose type.
Prior orders,Lamps + Bulb,Review,each,,From orders or older inventory; confirm current stock and choose type.
Prior orders,Balance,Review,each,,From orders or older inventory; confirm current stock and choose type.
Prior orders,Dissecting Tray,Review,each,,From orders or older inventory; confirm current stock and choose type.
Prior orders,Ring Stand,Review,each,,From orders or older inventory; confirm current stock and choose type.
Prior orders,Funnel small,Review,each,,From orders or older inventory; confirm current stock and choose type.
Prior orders,Funnel large,Review,each,,From orders or older inventory; confirm current stock and choose type.
Prior orders,Funnel glass,Review,each,,From orders or older inventory; confirm current stock and choose type.
Prior orders,Pasco wiremp,Review,each,,From orders or older inventory; confirm current stock and choose type.
Prior orders,Thermometer,Review,each,,From orders or older inventory; confirm current stock and choose type.
Prior orders,Goggles,Review,each,,From orders or older inventory; confirm current stock and choose type.
Prior orders,Tablecloths,Review,each,,From orders or older inventory; confirm current stock and choose type.
Prior orders,Thermometers (glass),Review,each,,From orders or older inventory; confirm current stock and choose type.
Prior orders,Scale (max 200 kg),Review,each,,From orders or older inventory; confirm current stock and choose type.
Prior orders,Food Maxx (1 gallon storage bags x10),Review,each,,From orders or older inventory; confirm current stock and choose type.
Prior orders,pH paper (1-14) x 20,Review,each,,From orders or older inventory; confirm current stock and choose type.
